X_px,Y_px,X_mm,Y_mm
3957.000,3931.000,56.493,56.122
3956.836,3930.980,56.491,56.122
3956.947,3931.048,56.492,56.123
3957.319,3931.198,56.498,56.125
3957.938,3931.426,56.507,56.128
3958.790,3931.727,56.519,56.132
3959.859,3932.097,56.534,56.138
3961.133,3932.531,56.552,56.144
3962.596,3933.026,56.573,56.151
3964.235,3933.575,56.596,56.159
3966.035,3934.176,56.622,56.167
3967.982,3934.823,56.650,56.177
3970.061,3935.512,56.680,56.186
3972.259,3936.239,56.711,56.197
3974.561,3936.998,56.744,56.208
3976.953,3937.786,56.778,56.219
3979.420,3938.598,56.813,56.230
3981.949,3939.429,56.849,56.242
3984.525,3940.275,56.886,56.254
3987.134,3941.131,56.923,56.267
3989.761,3941.993,56.961,56.279
3992.393,3942.857,56.998,56.291
3995.015,3943.718,57.036,56.303
3997.612,3944.571,57.073,56.316
4000.171,3945.411,57.109,56.328
4002.678,3946.236,57.145,56.339
4005.117,3947.039,57.180,56.351
4007.479,3947.817,57.214,56.362
4009.764,3948.572,57.246,56.373
4011.975,3949.303,57.278,56.383
4014.117,3950.013,57.309,56.393
4016.192,3950.703,57.338,56.403
4018.206,3951.373,57.367,56.413
4020.159,3952.025,57.395,56.422
4022.058,3952.661,57.422,56.431
4023.904,3953.281,57.448,56.440
4025.702,3953.887,57.474,56.449
4027.455,3954.479,57.499,56.457
4029.166,3955.060,57.523,56.465
4030.840,3955.631,57.547,56.474
4032.479,3956.192,57.571,56.482
4034.087,3956.744,57.594,56.489
4035.669,3957.290,57.616,56.497
4037.227,3957.830,57.639,56.505
4038.764,3958.366,57.660,56.513
4040.285,3958.898,57.682,56.520
4041.793,3959.429,57.704,56.528
4043.291,3959.959,57.725,56.535
4044.784,3960.489,57.746,56.543
4046.273,3961.021,57.768,56.551
4047.765,3961.555,57.789,56.558
4049.260,3962.094,57.810,56.566
4050.763,3962.638,57.832,56.574
4052.273,3963.187,57.853,56.581
4053.788,3963.741,57.875,56.589
4055.309,3964.301,57.897,56.597
4056.833,3964.865,57.918,56.605
4058.362,3965.435,57.940,56.614
4059.893,3966.010,57.962,56.622
4061.426,3966.591,57.984,56.630
4062.960,3967.177,58.006,56.638
4064.495,3967.768,58.028,56.647
4066.029,3968.365,58.050,56.655
4067.562,3968.967,58.072,56.664
4069.093,3969.575,58.093,56.673
4070.622,3970.188,58.115,56.681
4072.147,3970.807,58.137,56.690
4073.667,3971.431,58.159,56.699
4075.183,3972.061,58.180,56.708
4076.693,3972.696,58.202,56.717
4078.196,3973.337,58.223,56.726
4079.692,3973.984,58.245,56.736
4081.179,3974.636,58.266,56.745
4082.658,3975.294,58.287,56.754
4084.127,3975.958,58.308,56.764
4085.586,3976.629,58.329,56.773
4087.035,3977.308,58.350,56.783
4088.472,3977.994,58.370,56.793
4089.899,3978.690,58.390,56.803
4091.314,3979.396,58.411,56.813
4092.717,3980.113,58.431,56.823
4094.107,3980.841,58.451,56.833
4095.485,3981.581,58.470,56.844
4096.849,3982.334,58.490,56.855
4098.200,3983.101,58.509,56.866
4099.536,3983.882,58.528,56.877
4100.858,3984.678,58.547,56.888
4102.166,3985.491,58.566,56.900
4103.458,3986.320,58.584,56.912
4104.734,3987.167,58.602,56.924
4105.994,3988.032,58.620,56.936
4107.237,3988.916,58.638,56.949
4108.464,3989.820,58.656,56.962
4109.673,3990.744,58.673,56.975
4110.865,3991.690,58.690,56.988
4112.039,3992.655,58.707,57.002
4113.196,3993.638,58.723,57.016
4114.335,3994.635,58.739,57.030
4115.458,3995.644,58.755,57.045
4116.565,3996.663,58.771,57.059
4117.656,3997.689,58.787,57.074
4118.730,3998.719,58.802,57.089
4119.790,3999.751,58.817,57.103
4120.834,4000.782,58.832,57.118
4121.864,4001.810,58.847,57.133
4122.878,4002.833,58.861,57.147
4123.879,4003.846,58.876,57.162
4124.866,4004.850,58.890,57.176
4125.839,4005.839,58.904,57.190
4126.799,4006.813,58.917,57.204
4127.747,4007.768,58.931,57.218
4128.681,4008.702,58.944,57.231
4129.603,4009.612,58.957,57.244
4130.513,4010.497,58.970,57.257
4131.411,4011.357,58.983,57.269
4132.299,4012.201,58.996,57.281
4133.175,4013.033,59.008,57.293
4134.042,4013.860,59.021,57.305
4134.898,4014.688,59.033,57.317
4135.745,4015.524,59.045,57.329
4136.583,4016.373,59.057,57.341
4137.413,4017.242,59.069,57.353
4138.235,4018.138,59.081,57.366
4139.049,4019.066,59.092,57.379
4139.856,4020.033,59.104,57.393
4140.656,4021.044,59.115,57.407
4141.451,4022.107,59.126,57.423
4142.239,4023.228,59.138,57.439
4143.022,4024.412,59.149,57.456
4143.801,4025.666,59.160,57.473
4144.575,4026.995,59.171,57.492
4145.343,4028.399,59.182,57.512
4146.106,4029.875,59.193,57.534
4146.862,4031.417,59.204,57.556
4147.610,4033.024,59.214,57.578
4148.350,4034.689,59.225,57.602
4149.079,4036.411,59.235,57.627
4149.797,4038.184,59.246,57.652
4150.504,4040.005,59.256,57.678
4151.198,4041.871,59.266,57.705
4151.878,4043.777,59.275,57.732
4152.543,4045.719,59.285,57.760
4153.193,4047.694,59.294,57.788
4153.826,4049.698,59.303,57.817
4154.442,4051.727,59.312,57.846
4155.039,4053.777,59.320,57.875
4155.616,4055.844,59.329,57.904
4156.173,4057.925,59.337,57.934
4156.708,4060.015,59.344,57.964
4157.221,4062.111,59.352,57.994
4157.710,4064.209,59.359,58.024
4158.175,4066.306,59.365,58.054
4158.614,4068.396,59.372,58.084
4159.027,4070.477,59.377,58.113
4159.413,4072.545,59.383,58.143
4159.770,4074.595,59.388,58.172
4160.098,4076.624,59.393,58.201
4160.396,4078.630,59.397,58.230
4160.667,4080.612,59.401,58.258
4160.910,4082.573,59.404,58.286
4161.127,4084.511,59.407,58.314
4161.320,4086.428,59.410,58.341
4161.490,4088.325,59.413,58.368
4161.637,4090.202,59.415,58.395
4161.764,4092.059,59.416,58.421
4161.871,4093.897,59.418,58.448
4161.960,4095.717,59.419,58.474
4162.032,4097.519,59.420,58.499
4162.087,4099.304,59.421,58.525
4162.129,4101.073,59.422,58.550
4162.157,4102.825,59.422,58.575
4162.174,4104.562,59.422,58.600
4162.179,4106.285,59.422,58.624
4162.175,4107.993,59.422,58.649
4162.163,4109.688,59.422,58.673
4162.144,4111.370,59.422,58.697
4162.119,4113.039,59.422,58.721
4162.089,4114.696,59.421,58.745
4162.057,4116.342,59.421,58.768
4162.022,4117.978,59.420,58.791
4161.987,4119.603,59.420,58.815
4161.952,4121.219,59.419,58.838
4161.916,4122.828,59.419,58.861
4161.880,4124.430,59.418,58.883
4161.844,4126.026,59.418,58.906
4161.808,4127.618,59.417,58.929
4161.770,4129.208,59.417,58.952
4161.731,4130.797,59.416,58.974
4161.692,4132.385,59.415,58.997
4161.651,4133.975,59.415,59.020
4161.609,4135.567,59.414,59.042
4161.566,4137.163,59.414,59.065
4161.521,4138.765,59.413,59.088
4161.474,4140.373,59.412,59.111
4161.425,4141.988,59.412,59.134
4161.374,4143.613,59.411,59.157
4161.321,4145.249,59.410,59.181
4161.265,4146.896,59.409,59.204
4161.207,4148.556,59.409,59.228
4161.146,4150.230,59.408,59.252
4161.082,4151.920,59.407,59.276
4161.015,4153.628,59.406,59.300
4160.945,4155.353,59.405,59.325
4160.871,4157.097,59.404,59.350
4160.792,4158.858,59.403,59.375
4160.708,4160.636,59.401,59.400
4160.617,4162.431,59.400,59.426
4160.520,4164.241,59.399,59.452
4160.414,4166.067,59.397,59.478
4160.299,4167.907,59.396,59.504
4160.176,4169.761,59.394,59.531
4160.041,4171.629,59.392,59.557
4159.896,4173.510,59.390,59.584
4159.738,4175.403,59.388,59.611
4159.568,4177.309,59.385,59.638
4159.384,4179.225,59.383,59.666
4159.186,4181.151,59.380,59.693
4158.972,4183.088,59.377,59.721
4158.742,4185.034,59.373,59.749
4158.496,4186.989,59.370,59.777
4158.231,4188.953,59.366,59.805
4157.948,4190.924,59.362,59.833
4157.646,4192.902,59.358,59.861
4157.324,4194.887,59.353,59.889
4156.980,4196.877,59.348,59.918
4156.616,4198.874,59.343,59.946
4156.228,4200.875,59.337,59.975
4155.817,4202.879,59.332,60.003
4155.382,4204.889,59.325,60.032
4154.925,4206.901,59.319,60.061
4154.447,4208.917,59.312,60.090
4153.947,4210.937,59.305,60.119
4153.427,4212.960,59.297,60.147
4152.889,4214.985,59.290,60.176
4152.332,4217.014,59.282,60.205
4151.758,4219.046,59.274,60.234
4151.167,4221.080,59.265,60.263
4150.561,4223.116,59.257,60.292
4149.940,4225.155,59.248,60.322
4149.306,4227.196,59.239,60.351
4148.658,4229.239,59.229,60.380
4147.999,4231.284,59.220,60.409
4147.328,4233.330,59.210,60.438
4146.647,4235.378,59.201,60.467
4145.957,4237.427,59.191,60.497
4145.258,4239.478,59.181,60.526
4144.551,4241.529,59.171,60.555
4143.838,4243.582,59.161,60.585
4143.119,4245.635,59.150,60.614
4142.395,4247.688,59.140,60.643
4141.667,4249.743,59.130,60.673
4140.935,4251.797,59.119,60.702
4140.201,4253.852,59.109,60.731
4139.466,4255.906,59.098,60.761
4138.730,4257.961,59.088,60.790
4137.995,4260.015,59.077,60.819
4137.260,4262.068,59.067,60.849
4136.526,4264.121,59.056,60.878
4135.793,4266.171,59.046,60.907
4135.061,4268.219,59.035,60.936
4134.329,4270.265,59.025,60.966
4133.596,4272.306,59.014,60.995
4132.864,4274.343,59.004,61.024
4132.131,4276.376,58.993,61.053
4131.396,4278.403,58.983,61.082
4130.662,4280.423,58.972,61.111
4129.926,4282.438,58.962,61.139
4129.188,4284.444,58.951,61.168
4128.449,4286.442,58.941,61.196
4127.708,4288.432,58.930,61.225
4126.964,4290.413,58.920,61.253
4126.218,4292.383,58.909,61.281
4125.469,4294.343,58.898,61.309
4124.718,4296.292,58.888,61.337
4123.963,4298.229,58.877,61.365
4123.205,4300.153,58.866,61.392
4122.443,4302.064,58.855,61.420
4121.678,4303.962,58.844,61.447
4120.908,4305.845,58.833,61.474
4120.134,4307.714,58.822,61.500
4119.355,4309.566,58.811,61.527
4118.572,4311.403,58.800,61.553
4117.783,4313.223,58.789,61.579
4116.989,4315.025,58.777,61.605
4116.189,4316.809,58.766,61.630
4115.384,4318.576,58.754,61.655
4114.571,4320.328,58.743,61.680
4113.751,4322.064,58.731,61.705
4112.923,4323.787,58.719,61.730
4112.085,4325.497,58.707,61.754
4111.239,4327.195,58.695,61.778
4110.383,4328.883,58.683,61.802
4109.516,4330.562,58.671,61.826
4108.637,4332.231,58.658,61.850
4107.747,4333.895,58.645,61.874
4106.844,4335.551,58.632,61.898
4105.928,4337.202,58.619,61.921
4104.998,4338.850,58.606,61.945
4104.054,4340.494,58.593,61.968
4103.094,4342.136,58.579,61.992
4102.119,4343.778,58.565,62.015
4101.127,4345.420,58.551,62.039
4100.118,4347.063,58.536,62.062
4099.091,4348.708,58.522,62.085
4098.047,4350.358,58.507,62.109
4096.983,4352.012,58.492,62.133
4095.900,4353.671,58.476,62.156
4094.796,4355.337,58.460,62.180
4093.672,4357.011,58.444,62.204
4092.526,4358.694,58.428,62.228
4091.358,4360.386,58.411,62.252
4090.170,4362.085,58.394,62.276
4088.962,4363.792,58.377,62.301
4087.734,4365.505,58.360,62.325
4086.488,4367.223,58.342,62.350
4085.224,4368.944,58.324,62.374
4083.942,4370.667,58.305,62.399
4082.645,4372.393,58.287,62.424
4081.332,4374.119,58.268,62.448
4080.004,4375.844,58.249,62.473
4078.662,4377.568,58.230,62.497
4077.306,4379.289,58.211,62.522
4075.938,4381.006,58.191,62.547
4074.558,4382.718,58.171,62.571
4073.167,4384.425,58.152,62.595
4071.766,4386.124,58.132,62.620
4070.355,4387.815,58.111,62.644
4068.935,4389.497,58.091,62.668
4067.507,4391.169,58.071,62.692
4066.071,4392.829,58.050,62.715
4064.629,4394.477,58.030,62.739
4063.181,4396.111,58.009,62.762
4061.728,4397.731,57.988,62.785
4060.271,4399.336,57.967,62.808
4058.809,4400.923,57.947,62.831
4057.345,4402.493,57.926,62.853
4055.879,4404.044,57.905,62.875
4054.411,4405.575,57.884,62.897
4052.943,4407.085,57.863,62.919
4051.474,4408.575,57.842,62.940
4050.004,4410.045,57.821,62.961
4048.534,4411.498,57.800,62.982
4047.063,4412.933,57.779,63.002
4045.591,4414.353,57.758,63.023
4044.118,4415.759,57.737,63.043
4042.644,4417.151,57.716,63.063
4041.169,4418.531,57.695,63.082
4039.692,4419.901,57.674,63.102
4038.215,4421.261,57.653,63.121
4036.735,4422.613,57.631,63.141
4035.255,4423.958,57.610,63.160
4033.772,4425.296,57.589,63.179
4032.289,4426.630,57.568,63.198
4030.803,4427.960,57.547,63.217
4029.315,4429.289,57.526,63.236
4027.826,4430.616,57.504,63.255
4026.334,4431.943,57.483,63.274
4024.841,4433.271,57.462,63.293
4023.345,4434.602,57.440,63.312
4021.847,4435.937,57.419,63.331
4020.347,4437.277,57.398,63.350
4018.844,4438.623,57.376,63.369
4017.338,4439.976,57.355,63.388
4015.830,4441.337,57.333,63.408
4014.319,4442.709,57.311,63.427
4012.805,4444.092,57.290,63.447
4011.289,4445.484,57.268,63.467
4009.769,4446.887,57.246,63.487
4008.245,4448.298,57.225,63.507
4006.717,4449.717,57.203,63.528
4005.186,4451.143,57.181,63.548
4003.649,4452.574,57.159,63.568
4002.109,4454.011,57.137,63.589
4000.563,4455.451,57.115,63.609
3999.012,4456.894,57.093,63.630
3997.455,4458.339,57.071,63.651
3995.893,4459.786,57.048,63.671
3994.324,4461.232,57.026,63.692
3992.750,4462.678,57.004,63.713
3991.168,4464.122,56.981,63.733
3989.580,4465.563,56.958,63.754
3987.984,4467.001,56.935,63.774
3986.382,4468.435,56.913,63.795
3984.771,4469.862,56.890,63.815
3983.153,4471.284,56.867,63.835
3981.526,4472.698,56.843,63.856
3979.890,4474.104,56.820,63.876
3978.246,4475.500,56.796,63.896
3976.593,4476.886,56.773,63.915
3974.931,4478.262,56.749,63.935
3973.258,4479.625,56.725,63.955
3971.576,4480.975,56.701,63.974
3969.884,4482.311,56.677,63.993
3968.182,4483.632,56.653,64.012
3966.469,4484.938,56.628,64.030
3964.746,4486.230,56.604,64.049
3963.013,4487.507,56.579,64.067
3961.272,4488.771,56.554,64.085
3959.522,4490.020,56.529,64.103
3957.763,4491.257,56.504,64.121
3955.998,4492.481,56.479,64.138
3954.224,4493.693,56.453,64.155
3952.444,4494.894,56.428,64.173
3950.658,4496.083,56.403,64.189
3948.866,4497.261,56.377,64.206
3947.068,4498.429,56.351,64.223
3945.265,4499.586,56.326,64.240
3943.458,4500.735,56.300,64.256
3941.646,4501.874,56.274,64.272
3939.831,4503.004,56.248,64.288
3938.012,4504.126,56.222,64.304
3936.191,4505.241,56.196,64.320
3934.367,4506.348,56.170,64.336
3932.541,4507.447,56.144,64.352
3930.714,4508.541,56.118,64.367
3928.885,4509.628,56.092,64.383
3927.057,4510.710,56.066,64.398
3925.228,4511.786,56.040,64.414
3923.399,4512.857,56.013,64.429
3921.571,4513.925,55.987,64.444
3919.744,4514.988,55.961,64.459
3917.918,4516.047,55.935,64.475
3916.095,4517.104,55.909,64.490
3914.273,4518.155,55.883,64.505
3912.454,4519.201,55.857,64.520
3910.636,4520.240,55.831,64.534
3908.821,4521.271,55.805,64.549
3907.007,4522.292,55.779,64.564
3905.194,4523.302,55.754,64.578
3903.384,4524.300,55.728,64.592
3901.575,4525.284,55.702,64.606
3899.767,4526.253,55.676,64.620
3897.961,4527.207,55.650,64.634
3896.157,4528.143,55.624,64.647
3894.354,4529.060,55.599,64.660
3892.553,4529.958,55.573,64.673
3890.752,4530.833,55.547,64.686
3888.953,4531.687,55.522,64.698
3887.156,4532.517,55.496,64.710
3885.359,4533.321,55.470,64.721
3883.564,4534.100,55.445,64.732
3881.770,4534.850,55.419,64.743
3879.976,4535.571,55.393,64.753
3878.184,4536.262,55.368,64.763
3876.392,4536.922,55.342,64.773
3874.602,4537.548,55.317,64.781
3872.812,4538.141,55.291,64.790
3871.023,4538.698,55.266,64.798
3869.235,4539.218,55.240,64.805
3867.448,4539.701,55.215,64.812
3865.660,4540.149,55.189,64.819
3863.873,4540.563,55.164,64.825
3862.085,4540.945,55.138,64.830
3860.296,4541.295,55.113,64.835
3858.506,4541.616,55.087,64.840
3856.715,4541.909,55.061,64.844
3854.922,4542.175,55.036,64.848
3853.127,4542.417,55.010,64.851
3851.329,4542.634,54.984,64.854
3849.529,4542.829,54.959,64.857
3847.726,4543.003,54.933,64.859
3845.919,4543.158,54.907,64.862
3844.108,4543.295,54.881,64.864
3842.293,4543.416,54.855,64.865
3840.474,4543.521,54.830,64.867
3838.650,4543.614,54.803,64.868
3836.821,4543.694,54.777,64.869
3834.987,4543.764,54.751,64.870
3833.146,4543.825,54.725,64.871
3831.300,4543.878,54.699,64.872
3829.447,4543.925,54.672,64.873
3827.587,4543.967,54.646,64.873
3825.720,4544.006,54.619,64.874
3823.846,4544.042,54.592,64.874
3821.965,4544.077,54.565,64.875
3820.075,4544.109,54.538,64.875
3818.179,4544.140,54.511,64.876
3816.274,4544.167,54.484,64.876
3814.362,4544.193,54.457,64.876
3812.441,4544.215,54.429,64.877
3810.513,4544.235,54.402,64.877
3808.576,4544.252,54.374,64.877
3806.632,4544.267,54.346,64.877
3804.679,4544.277,54.318,64.878
3802.717,4544.285,54.290,64.878
3800.748,4544.290,54.262,64.878
3798.769,4544.292,54.234,64.878
3796.782,4544.289,54.206,64.878
3794.787,4544.283,54.177,64.878
3792.782,4544.274,54.149,64.877
3790.769,4544.261,54.120,64.877
3788.747,4544.244,54.091,64.877
3786.716,4544.223,54.062,64.877
3784.675,4544.198,54.033,64.876
3782.626,4544.169,54.004,64.876
3780.567,4544.135,53.974,64.876
3778.499,4544.097,53.945,64.875
3776.421,4544.055,53.915,64.874
3774.333,4544.008,53.885,64.874
3772.236,4543.956,53.855,64.873
3770.130,4543.899,53.825,64.872
3768.016,4543.838,53.795,64.871
3765.894,4543.771,53.765,64.870
3763.765,4543.699,53.734,64.869
3761.629,4543.622,53.704,64.868
3759.488,4543.538,53.673,64.867
3757.342,4543.449,53.643,64.866
3755.192,4543.354,53.612,64.864
3753.038,4543.252,53.581,64.863
3750.881,4543.144,53.550,64.861
3748.722,4543.030,53.520,64.860
3746.561,4542.909,53.489,64.858
3744.399,4542.780,53.458,64.856
3742.238,4542.646,53.427,64.854
3740.077,4542.503,53.396,64.852
3737.917,4542.354,53.365,64.850
3735.759,4542.196,53.335,64.848
3733.603,4542.031,53.304,64.845
3731.451,4541.858,53.273,64.843
3729.303,4541.678,53.242,64.840
3727.159,4541.488,53.212,64.838
3725.021,4541.291,53.181,64.835
3722.888,4541.084,53.151,64.832
3720.763,4540.870,53.120,64.829
3718.645,4540.646,53.090,64.826
3716.534,4540.413,53.060,64.822
3714.433,4540.171,53.030,64.819
3712.341,4539.919,53.000,64.815
3710.259,4539.658,52.970,64.812
3708.186,4539.387,52.941,64.808
3706.122,4539.105,52.911,64.804
3704.066,4538.812,52.882,64.800
3702.019,4538.508,52.853,64.795
3699.979,4538.192,52.824,64.791
3697.946,4537.864,52.795,64.786
3695.920,4537.523,52.766,64.781
3693.900,4537.168,52.737,64.776
3691.886,4536.801,52.708,64.771
3689.878,4536.418,52.679,64.765
3687.874,4536.022,52.651,64.760
3685.875,4535.611,52.622,64.754
3683.880,4535.184,52.594,64.748
3681.888,4534.742,52.565,64.741
3679.900,4534.283,52.537,64.735
3677.915,4533.808,52.509,64.728
3675.931,4533.315,52.480,64.721
3673.950,4532.805,52.452,64.714
3671.970,4532.277,52.424,64.706
3669.991,4531.730,52.396,64.698
3668.013,4531.165,52.367,64.690
3666.035,4530.580,52.339,64.682
3664.057,4529.976,52.311,64.673
3662.077,4529.351,52.283,64.664
3660.097,4528.706,52.254,64.655
3658.115,4528.039,52.226,64.646
3656.131,4527.352,52.198,64.636
3654.145,4526.643,52.169,64.626
3652.156,4525.913,52.141,64.615
3650.165,4525.163,52.113,64.605
3648.170,4524.394,52.084,64.594
3646.173,4523.604,52.056,64.582
3644.173,4522.796,52.027,64.571
3642.169,4521.970,51.998,64.559
3640.162,4521.125,51.970,64.547
3638.152,4520.262,51.941,64.535
3636.137,4519.382,51.912,64.522
3634.118,4518.486,51.883,64.509
3632.095,4517.572,51.855,64.496
3630.068,4516.643,51.826,64.483
3628.036,4515.698,51.797,64.470
3626.000,4514.738,51.768,64.456
3623.958,4513.764,51.738,64.442
3621.912,4512.774,51.709,64.428
3619.860,4511.771,51.680,64.413
3617.802,4510.755,51.650,64.399
3615.739,4509.725,51.621,64.384
3613.670,4508.683,51.591,64.369
3611.596,4507.628,51.562,64.354
3609.515,4506.562,51.532,64.339
3607.427,4505.484,51.502,64.324
3605.333,4504.396,51.472,64.308
3603.233,4503.297,51.442,64.292
3601.125,4502.188,51.412,64.277
3599.011,4501.069,51.382,64.261
3596.889,4499.941,51.352,64.245
3594.760,4498.804,51.322,64.228
3592.625,4497.659,51.291,64.212
3590.486,4496.507,51.260,64.196
3588.343,4495.348,51.230,64.179
3586.198,4494.183,51.199,64.162
3584.052,4493.012,51.169,64.146
3581.906,4491.837,51.138,64.129
3579.763,4490.658,51.107,64.112
3577.623,4489.475,51.077,64.095
3575.488,4488.290,51.046,64.078
3573.358,4487.103,51.016,64.061
3571.236,4485.915,50.986,64.044
3569.122,4484.726,50.955,64.027
3567.018,4483.538,50.925,64.010
3564.926,4482.350,50.896,63.993
3562.845,4481.164,50.866,63.976
3560.779,4479.980,50.836,63.960
3558.728,4478.799,50.807,63.943
3556.693,4477.622,50.778,63.926
3554.676,4476.449,50.749,63.909
3552.678,4475.281,50.721,63.892
3550.701,4474.119,50.692,63.876
3548.745,4472.962,50.665,63.859
3546.813,4471.813,50.637,63.843
3544.905,4470.672,50.610,63.827
3543.022,4469.540,50.583,63.811
3541.167,4468.416,50.556,63.794
3539.341,4467.303,50.530,63.779
3537.543,4466.199,50.505,63.763
3535.777,4465.107,50.479,63.747
3534.044,4464.027,50.455,63.732
3532.343,4462.959,50.430,63.717
3530.674,4461.903,50.407,63.702
3529.035,4460.856,50.383,63.687
3527.424,4459.818,50.360,63.672
3525.838,4458.787,50.338,63.657
3524.275,4457.761,50.315,63.642
3522.734,4456.739,50.293,63.628
3521.213,4455.721,50.272,63.613
3519.709,4454.704,50.250,63.599
3518.220,4453.687,50.229,63.584
3516.744,4452.668,50.208,63.570
3515.280,4451.646,50.187,63.555
3513.825,4450.621,50.166,63.540
3512.377,4449.589,50.145,63.526
3510.934,4448.551,50.125,63.511
3509.495,4447.505,50.104,63.496
3508.056,4446.448,50.084,63.481
3506.616,4445.381,50.063,63.466
3505.173,4444.300,50.043,63.450
3503.725,4443.206,50.022,63.435
3502.270,4442.096,50.001,63.419
3500.805,4440.970,49.980,63.403
3499.329,4439.825,49.959,63.386
3497.840,4438.661,49.938,63.370
3496.335,4437.475,49.916,63.353
3494.815,4436.269,49.895,63.336
3493.279,4435.041,49.873,63.318
3491.730,4433.792,49.851,63.300
3490.168,4432.524,49.828,63.282
3488.595,4431.237,49.806,63.264
3487.011,4429.932,49.783,63.245
3485.417,4428.609,49.760,63.226
3483.816,4427.269,49.738,63.207
3482.208,4425.911,49.715,63.188
3480.593,4424.538,49.692,63.168
3478.974,4423.150,49.668,63.148
3477.351,4421.747,49.645,63.128
3475.726,4420.330,49.622,63.108
3474.099,4418.898,49.599,63.088
3472.472,4417.455,49.576,63.067
3470.845,4415.999,49.552,63.046
3469.221,4414.531,49.529,63.025
3467.599,4413.053,49.506,63.004
3465.982,4411.563,49.483,62.983
3464.370,4410.065,49.460,62.961
3462.764,4408.557,49.437,62.940
3461.167,4407.040,49.414,62.918
3459.577,4405.516,49.392,62.896
3457.998,4403.984,49.369,62.875
3456.429,4402.445,49.347,62.853
3454.873,4400.900,49.324,62.831
3453.329,4399.351,49.302,62.808
3451.800,4397.795,49.281,62.786
3450.286,4396.236,49.259,62.764
3448.787,4394.673,49.237,62.742
3447.304,4393.105,49.216,62.719
3445.836,4391.534,49.195,62.697
3444.384,4389.959,49.175,62.674
3442.947,4388.380,49.154,62.652
3441.525,4386.798,49.134,62.629
3440.119,4385.212,49.114,62.607
3438.729,4383.623,49.094,62.584
3437.354,4382.031,49.074,62.561
3435.995,4380.436,49.055,62.538
3434.652,4378.838,49.036,62.516
3433.324,4377.237,49.017,62.493
3432.012,4375.634,48.998,62.470
3430.716,4374.028,48.980,62.447
3429.436,4372.420,48.961,62.424
3428.172,4370.810,48.943,62.401
3426.924,4369.197,48.925,62.378
3425.691,4367.583,48.908,62.355
3424.475,4365.967,48.890,62.332
3423.274,4364.349,48.873,62.309
3422.090,4362.729,48.856,62.286
3420.922,4361.108,48.840,62.262
3419.770,4359.486,48.823,62.239
3418.635,4357.863,48.807,62.216
3417.515,4356.238,48.791,62.193
3416.412,4354.613,48.775,62.170
3415.325,4352.987,48.760,62.147
3414.254,4351.360,48.744,62.123
3413.199,4349.730,48.729,62.100
3412.159,4348.099,48.715,62.077
3411.133,4346.465,48.700,62.053
3410.122,4344.827,48.685,62.030
3409.125,4343.185,48.671,62.007
3408.140,4341.538,48.657,61.983
3407.169,4339.886,48.643,61.959
3406.210,4338.228,48.630,61.936
3405.263,4336.562,48.616,61.912
3404.327,4334.891,48.603,61.888
3403.402,4333.210,48.590,61.864
3402.488,4331.522,48.576,61.840
3401.584,4329.825,48.564,61.816
3400.689,4328.118,48.551,61.791
3399.804,4326.400,48.538,61.767
3398.927,4324.672,48.526,61.742
3398.058,4322.932,48.513,61.717
3397.198,4321.180,48.501,61.692
3396.344,4319.416,48.489,61.667
3395.497,4317.638,48.477,61.642
3394.657,4315.846,48.465,61.616
3393.822,4314.039,48.453,61.590
3392.993,4312.218,48.441,61.564
3392.169,4310.380,48.429,61.538
3391.350,4308.527,48.417,61.512
3390.535,4306.657,48.406,61.485
3389.726,4304.773,48.394,61.458
3388.923,4302.875,48.383,61.431
3388.126,4300.964,48.371,61.404
3387.336,4299.041,48.360,61.376
3386.554,4297.107,48.349,61.349
3385.781,4295.163,48.338,61.321
3385.016,4293.210,48.327,61.293
3384.261,4291.249,48.316,61.265
3383.515,4289.280,48.306,61.237
3382.780,4287.305,48.295,61.209
3382.056,4285.325,48.285,61.181
3381.344,4283.341,48.275,61.152
3380.644,4281.353,48.265,61.124
3379.957,4279.362,48.255,61.095
3379.282,4277.371,48.245,61.067
3378.622,4275.378,48.236,61.039
3377.977,4273.386,48.227,61.010
3377.346,4271.395,48.218,60.982
3376.731,4269.407,48.209,60.953
3376.132,4267.421,48.200,60.925
3375.550,4265.440,48.192,60.897
3374.984,4263.464,48.184,60.868
3374.437,4261.494,48.176,60.840
3373.908,4259.531,48.168,60.812
3373.398,4257.576,48.161,60.784
3372.908,4255.630,48.154,60.757
3372.438,4253.693,48.147,60.729
3371.986,4251.766,48.141,60.701
3371.552,4249.847,48.135,60.674
3371.137,4247.935,48.129,60.647
3370.738,4246.030,48.123,60.620
3370.354,4244.132,48.118,60.592
3369.986,4242.240,48.112,60.565
3369.632,4240.354,48.107,60.538
3369.292,4238.471,48.103,60.512
3368.965,4236.593,48.098,60.485
3368.649,4234.719,48.093,60.458
3368.345,4232.847,48.089,60.431
3368.052,4230.977,48.085,60.405
3367.768,4229.109,48.081,60.378
3367.493,4227.242,48.077,60.351
3367.226,4225.375,48.073,60.325
3366.966,4223.509,48.069,60.298
3366.713,4221.641,48.066,60.271
3366.466,4219.772,48.062,60.245
3366.223,4217.901,48.059,60.218
3365.985,4216.027,48.055,60.191
3365.751,4214.149,48.052,60.164
3365.519,4212.269,48.049,60.138
3365.289,4210.383,48.045,60.111
3365.060,4208.492,48.042,60.084
3364.831,4206.596,48.039,60.057
3364.603,4204.694,48.036,60.029
3364.376,4202.788,48.032,60.002
3364.151,4200.878,48.029,59.975
3363.929,4198.964,48.026,59.948
3363.709,4197.048,48.023,59.920
3363.494,4195.129,48.020,59.893
3363.283,4193.210,48.017,59.865
3363.077,4191.290,48.014,59.838
3362.877,4189.370,48.011,59.811
3362.684,4187.451,48.008,59.783
3362.498,4185.534,48.006,59.756
3362.319,4183.619,48.003,59.729
3362.148,4181.706,48.001,59.701
3361.987,4179.797,47.998,59.674
3361.835,4177.893,47.996,59.647
3361.694,4175.993,47.994,59.620
3361.564,4174.100,47.992,59.593
3361.445,4172.212,47.991,59.566
3361.339,4170.332,47.989,59.539
3361.245,4168.459,47.988,59.512
3361.165,4166.595,47.987,59.485
3361.099,4164.740,47.986,59.459
3361.049,4162.895,47.985,59.433
3361.013,4161.060,47.984,59.406
3360.994,4159.236,47.984,59.380
3360.991,4157.423,47.984,59.355
3361.004,4155.620,47.984,59.329
3361.031,4153.825,47.985,59.303
3361.074,4152.035,47.985,59.278
3361.130,4150.251,47.986,59.252
3361.199,4148.469,47.987,59.227
3361.280,4146.689,47.988,59.201
3361.374,4144.910,47.990,59.176
3361.479,4143.128,47.991,59.150
3361.594,4141.344,47.993,59.125
3361.720,4139.555,47.994,59.099
3361.855,4137.760,47.996,59.074
3361.999,4135.957,47.998,59.048
3362.151,4134.144,48.001,59.022
3362.310,4132.321,48.003,58.996
3362.477,4130.485,48.005,58.970
3362.650,4128.635,48.008,58.944
3362.828,4126.770,48.010,58.917
3363.012,4124.888,48.013,58.890
3363.200,4122.986,48.016,58.863
3363.392,4121.065,48.018,58.835
3363.587,4119.122,48.021,58.808
3363.784,4117.155,48.024,58.780
3363.984,4115.164,48.027,58.751
3364.185,4113.146,48.030,58.722
3364.388,4111.104,48.033,58.693
3364.593,4109.039,48.035,58.664
3364.802,4106.953,48.038,58.634
3365.015,4104.848,48.042,58.604
3365.233,4102.727,48.045,58.574
3365.457,4100.592,48.048,58.543
3365.687,4098.443,48.051,58.512
3365.924,4096.285,48.054,58.482
3366.169,4094.117,48.058,58.451
3366.422,4091.944,48.062,58.420
3366.685,4089.766,48.065,58.389
3366.957,4087.585,48.069,58.357
3367.240,4085.405,48.073,58.326
3367.535,4083.225,48.077,58.295
3367.842,4081.050,48.082,58.264
3368.161,4078.880,48.086,58.233
3368.495,4076.718,48.091,58.202
3368.842,4074.566,48.096,58.172
3369.205,4072.426,48.101,58.141
3369.584,4070.299,48.107,58.111
3369.979,4068.189,48.112,58.081
3370.391,4066.096,48.118,58.051
3370.822,4064.024,48.124,58.021
3371.271,4061.973,48.131,57.992
3371.739,4059.947,48.137,57.963
3372.228,4057.946,48.144,57.934
3372.738,4055.974,48.152,57.906
3373.269,4054.031,48.159,57.878
3373.822,4052.119,48.167,57.851
3374.396,4050.235,48.175,57.824
3374.991,4048.378,48.184,57.798
3375.606,4046.546,48.193,57.772
3376.240,4044.737,48.202,57.746
3376.894,4042.948,48.211,57.720
3377.566,4041.180,48.221,57.695
3378.257,4039.428,48.231,57.670
3378.964,4037.693,48.241,57.645
3379.689,4035.971,48.251,57.621
3380.430,4034.261,48.262,57.596
3381.187,4032.562,48.272,57.572
3381.959,4030.871,48.283,57.548
3382.746,4029.187,48.295,57.524
3383.547,4027.507,48.306,57.500
3384.362,4025.831,48.318,57.476
3385.190,4024.156,48.330,57.452
3386.030,4022.479,48.342,57.428
3386.883,4020.801,48.354,57.404
3387.747,4019.118,48.366,57.380
3388.623,4017.430,48.379,57.356
3389.508,4015.733,48.391,57.332
3390.404,4014.027,48.404,57.307
3391.309,4012.309,48.417,57.283
3392.223,4010.577,48.430,57.258
3393.146,4008.832,48.443,57.233
3394.078,4007.075,48.456,57.208
3395.019,4005.307,48.470,57.183
3395.970,4003.532,48.483,57.157
3396.932,4001.750,48.497,57.132
3397.905,3999.965,48.511,57.107
3398.889,3998.178,48.525,57.081
3399.885,3996.391,48.539,57.056
3400.894,3994.607,48.554,57.030
3401.915,3992.827,48.568,57.005
3402.950,3991.053,48.583,56.979
3403.999,3989.288,48.598,56.954
3405.062,3987.533,48.613,56.929
3406.140,3985.792,48.629,56.904
3407.234,3984.064,48.644,56.880
3408.343,3982.354,48.660,56.855
3409.469,3980.663,48.676,56.831
3410.611,3978.992,48.692,56.807
3411.770,3977.345,48.709,56.784
3412.947,3975.722,48.726,56.760
3414.143,3974.127,48.743,56.738
3415.357,3972.561,48.760,56.715
3416.590,3971.027,48.778,56.693
3417.843,3969.525,48.796,56.672
3419.116,3968.060,48.814,56.651
3420.410,3966.631,48.832,56.631
3421.725,3965.242,48.851,56.611
3423.061,3963.893,48.870,56.592
3424.418,3962.582,48.890,56.573
3425.797,3961.308,48.909,56.555
3427.198,3960.070,48.929,56.537
3428.620,3958.865,48.950,56.520
3430.063,3957.693,48.970,56.503
3431.528,3956.552,48.991,56.487
3433.015,3955.441,49.012,56.471
3434.524,3954.358,49.034,56.455
3436.054,3953.302,49.056,56.440
3437.606,3952.271,49.078,56.426
3439.180,3951.265,49.100,56.411
3440.776,3950.281,49.123,56.397
3442.394,3949.318,49.146,56.383
3444.034,3948.375,49.170,56.370
3445.696,3947.449,49.193,56.357
3447.380,3946.542,49.217,56.344
3449.086,3945.649,49.242,56.331
3450.815,3944.770,49.266,56.319
3452.565,3943.904,49.291,56.306
3454.338,3943.049,49.317,56.294
3456.134,3942.204,49.342,56.282
3457.951,3941.367,49.368,56.270
3459.791,3940.537,49.395,56.258
3461.654,3939.712,49.421,56.246
3463.539,3938.892,49.448,56.235
3465.445,3938.077,49.475,56.223
3467.373,3937.268,49.503,56.211
3469.322,3936.463,49.531,56.200
3471.290,3935.665,49.559,56.189
3473.278,3934.874,49.587,56.177
3475.285,3934.088,49.616,56.166
3477.311,3933.310,49.645,56.155
3479.354,3932.540,49.674,56.144
3481.415,3931.777,49.703,56.133
3483.492,3931.022,49.733,56.122
3485.586,3930.275,49.763,56.112
3487.696,3929.538,49.793,56.101
3489.820,3928.809,49.823,56.091
3491.959,3928.090,49.854,56.080
3494.113,3927.380,49.885,56.070
3496.279,3926.681,49.916,56.060
3498.459,3925.992,49.947,56.050
3500.651,3925.314,49.978,56.041
3502.854,3924.648,50.009,56.031
3505.069,3923.992,50.041,56.022
3507.295,3923.349,50.073,56.013
3509.531,3922.718,50.105,56.004
3511.776,3922.099,50.137,55.995
3514.030,3921.493,50.169,55.986
3516.293,3920.901,50.201,55.978
3518.564,3920.322,50.234,55.969
3520.842,3919.757,50.266,55.961
3523.127,3919.206,50.299,55.954
3525.418,3918.670,50.332,55.946
3527.715,3918.148,50.364,55.938
3530.017,3917.641,50.397,55.931
3532.323,3917.148,50.430,55.924
3534.633,3916.668,50.463,55.917
3536.946,3916.202,50.496,55.911
3539.261,3915.749,50.529,55.904
3541.578,3915.308,50.562,55.898
3543.896,3914.881,50.595,55.892
3546.214,3914.465,50.628,55.886
3548.532,3914.061,50.662,55.880
3550.849,3913.669,50.695,55.874
3553.164,3913.288,50.728,55.869
3555.477,3912.918,50.761,55.864
3557.787,3912.558,50.794,55.859
3560.093,3912.209,50.827,55.854
3562.395,3911.871,50.859,55.849
3564.692,3911.542,50.892,55.844
3566.983,3911.222,50.925,55.840
3569.268,3910.912,50.958,55.835
3571.546,3910.611,50.990,55.831
3573.817,3910.318,51.023,55.827
3576.079,3910.033,51.055,55.823
3578.333,3909.757,51.087,55.819
3580.576,3909.488,51.119,55.815
3582.810,3909.227,51.151,55.811
3585.032,3908.973,51.183,55.807
3587.243,3908.725,51.214,55.804
3589.442,3908.484,51.246,55.800
3591.628,3908.250,51.277,55.797
3593.800,3908.021,51.308,55.794
3595.958,3907.798,51.339,55.791
3598.103,3907.580,51.369,55.788
3600.235,3907.367,51.400,55.785
3602.356,3907.160,51.430,55.782
3604.468,3906.957,51.460,55.779
3606.570,3906.758,51.490,55.776
3608.663,3906.564,51.520,55.773
3610.750,3906.373,51.550,55.770
3612.831,3906.187,51.580,55.768
3614.907,3906.003,51.609,55.765
3616.979,3905.823,51.639,55.762
3619.049,3905.646,51.668,55.760
3621.116,3905.472,51.698,55.757
3623.183,3905.300,51.727,55.755
3625.250,3905.131,51.757,55.753
3627.319,3904.963,51.786,55.750
3629.390,3904.798,51.816,55.748
3631.465,3904.634,51.846,55.746
3633.544,3904.471,51.875,55.743
3635.629,3904.309,51.905,55.741
3637.721,3904.148,51.935,55.739
3639.820,3903.988,51.965,55.736
3641.928,3903.828,51.995,55.734
3644.046,3903.669,52.025,55.732
3646.175,3903.509,52.056,55.729
3648.316,3903.349,52.086,55.727
3650.470,3903.188,52.117,55.725
3652.638,3903.027,52.148,55.723
3654.821,3902.865,52.179,55.720
3657.019,3902.701,52.210,55.718
3659.230,3902.537,52.242,55.716
3661.454,3902.373,52.274,55.713
3663.690,3902.209,52.306,55.711
3665.937,3902.046,52.338,55.709
3668.194,3901.883,52.370,55.706
3670.461,3901.721,52.402,55.704
3672.736,3901.561,52.435,55.702
3675.018,3901.402,52.467,55.699
3677.307,3901.245,52.500,55.697
3679.602,3901.090,52.533,55.695
3681.902,3900.938,52.566,55.693
3684.206,3900.788,52.599,55.691
3686.512,3900.642,52.631,55.689
3688.821,3900.499,52.664,55.686
3691.132,3900.359,52.697,55.684
3693.443,3900.224,52.730,55.683
3695.753,3900.093,52.763,55.681
3698.062,3899.967,52.796,55.679
3700.369,3899.846,52.829,55.677
3702.673,3899.730,52.862,55.675
3704.972,3899.620,52.895,55.674
3707.268,3899.515,52.928,55.672
3709.557,3899.417,52.960,55.671
3711.839,3899.325,52.993,55.670
3714.115,3899.240,53.026,55.668
3716.381,3899.162,53.058,55.667
3718.639,3899.091,53.090,55.666
3720.886,3899.028,53.122,55.665
3723.123,3898.973,53.154,55.665
3725.348,3898.927,53.186,55.664
3727.564,3898.887,53.218,55.663
3729.771,3898.856,53.249,55.663
3731.970,3898.832,53.280,55.663
3734.163,3898.815,53.312,55.662
3736.351,3898.805,53.343,55.662
3738.534,3898.802,53.374,55.662
3740.714,3898.805,53.405,55.662
3742.891,3898.815,53.436,55.662
3745.068,3898.830,53.467,55.663
3747.244,3898.852,53.498,55.663
3749.422,3898.879,53.530,55.663
3751.602,3898.911,53.561,55.664
3753.785,3898.949,53.592,55.664
3755.973,3898.992,53.623,55.665
3758.166,3899.039,53.654,55.666
3760.365,3899.091,53.686,55.666
3762.573,3899.147,53.717,55.667
3764.789,3899.208,53.749,55.668
3767.014,3899.272,53.781,55.669
3769.251,3899.340,53.813,55.670
3771.500,3899.411,53.845,55.671
3773.762,3899.486,53.877,55.672
3776.038,3899.563,53.910,55.673
3778.330,3899.643,53.942,55.674
3780.638,3899.726,53.975,55.675
3782.963,3899.811,54.008,55.677
3785.307,3899.898,54.042,55.678
3787.671,3899.988,54.076,55.679
3790.055,3900.078,54.110,55.680
3792.458,3900.171,54.144,55.682
3794.878,3900.265,54.179,55.683
3797.311,3900.362,54.213,55.685
3799.757,3900.460,54.248,55.686
3802.212,3900.560,54.283,55.687
3804.674,3900.662,54.318,55.689
3807.141,3900.767,54.354,55.690
3809.610,3900.874,54.389,55.692
3812.080,3900.983,54.424,55.693
3814.547,3901.095,54.459,55.695
3817.009,3901.209,54.495,55.697
3819.464,3901.326,54.530,55.698
3821.910,3901.446,54.564,55.700
3824.344,3901.568,54.599,55.702
3826.765,3901.694,54.634,55.704
3829.168,3901.822,54.668,55.705
3831.553,3901.953,54.702,55.707
3833.917,3902.088,54.736,55.709
3836.257,3902.226,54.769,55.711
3838.572,3902.367,54.802,55.713
3840.857,3902.511,54.835,55.715
3843.113,3902.659,54.867,55.717
3845.335,3902.811,54.899,55.719
3847.523,3902.966,54.930,55.722
3849.672,3903.125,54.961,55.724
3851.782,3903.288,54.991,55.726
3853.849,3903.454,55.020,55.729
3855.872,3903.625,55.049,55.731
3857.847,3903.800,55.078,55.734
3859.773,3903.978,55.105,55.736
3861.648,3904.162,55.132,55.739
3863.476,3904.350,55.158,55.741
3865.263,3904.546,55.183,55.744
3867.016,3904.750,55.208,55.747
3868.740,3904.964,55.233,55.750
3870.440,3905.189,55.257,55.753
3872.124,3905.427,55.281,55.757
3873.797,3905.679,55.305,55.760
3875.465,3905.946,55.329,55.764
3877.133,3906.230,55.353,55.768
3878.809,3906.533,55.377,55.773
3880.498,3906.856,55.401,55.777
3882.205,3907.199,55.425,55.782
3883.938,3907.566,55.450,55.787
3885.701,3907.957,55.475,55.793
3887.501,3908.373,55.501,55.799
3889.344,3908.816,55.527,55.805
3891.236,3909.288,55.554,55.812
3893.183,3909.789,55.582,55.819
3895.190,3910.322,55.611,55.827
3897.264,3910.887,55.640,55.835
3899.411,3911.487,55.671,55.843
3901.636,3912.122,55.703,55.852
3903.946,3912.794,55.736,55.862
3906.347,3913.504,55.770,55.872
3908.844,3914.255,55.806,55.883
3911.436,3915.044,55.843,55.894
3914.111,3915.868,55.881,55.906
3916.855,3916.722,55.920,55.918
3919.654,3917.601,55.960,55.931
3922.494,3918.500,56.000,55.943
3925.363,3919.415,56.041,55.957
3928.247,3920.341,56.083,55.970
3931.131,3921.273,56.124,55.983
3934.003,3922.207,56.165,55.996
3936.849,3923.138,56.205,56.010
3939.655,3924.061,56.245,56.023
3942.408,3924.972,56.285,56.036
3945.094,3925.865,56.323,56.049
3947.699,3926.737,56.360,56.061
3950.210,3927.582,56.396,56.073
3952.614,3928.395,56.431,56.085
3954.897,3929.173,56.463,56.096
3957.045,3929.910,56.494,56.106
3959.044,3930.601,56.522,56.116
3960.882,3931.242,56.549,56.125
3962.544,3931.829,56.572,56.134
3964.017,3932.356,56.593,56.141
3965.288,3932.819,56.611,56.148
3966.342,3933.212,56.626,56.154
3967.167,3933.532,56.638,56.158
3967.748,3933.774,56.647,56.162
3968.072,3933.933,56.651,56.164
3968.125,3934.004,56.652,56.165
3967.895,3933.983,56.649,56.165
3967.390,3933.872,56.641,56.163
3966.654,3933.685,56.631,56.160
3965.734,3933.438,56.618,56.157
3964.678,3933.146,56.603,56.153
3963.533,3932.823,56.586,56.148
3962.346,3932.486,56.569,56.143
3961.165,3932.149,56.553,56.138
3960.037,3931.827,56.536,56.134
3959.009,3931.537,56.522,56.130
3958.129,3931.292,56.509,56.126
3957.443,3931.108,56.499,56.123
3957.000,3931.000,56.493,56.122
