Distance_(mm),Gray_Value
0.0000,81.2054
0.0144,81.2505
0.0289,81.4054
0.0433,81.7581
0.0577,81.9640
0.0722,81.7183
0.0866,81.5876
0.1010,81.5134
0.1154,81.2737
0.1299,81.1575
0.1443,80.8516
0.1587,80.8306
0.1732,80.9973
0.1876,81.0140
0.2020,81.1468
0.2165,81.2597
0.2309,81.1597
0.2453,81.2774
0.2597,81.4161
0.2742,81.3801
0.2886,81.0672
0.3030,80.8661
0.3175,80.7435
0.3319,81.0172
0.3463,81.2290
0.3608,81.4242
0.3752,81.4253
0.3896,81.3274
0.4041,81.4118
0.4185,81.4645
0.4329,81.3177
0.4473,81.0333
0.4618,81.0548
0.4762,81.1645
0.4906,81.0634
0.5051,80.9462
0.5195,80.7511
0.5339,80.6914
0.5484,80.6000
0.5628,80.6769
0.5772,80.5833
0.5917,80.5774
0.6061,80.3699
0.6205,80.3247
0.6349,80.3323
0.6494,80.2683
0.6638,80.2134
0.6782,80.1226
0.6927,79.7962
0.7071,79.7667
0.7215,79.7828
0.7360,79.6473
0.7504,79.5177
0.7648,79.5290
0.7792,79.7016
0.7937,80.0505
0.8081,80.2263
0.8225,80.2860
0.8370,80.1849
0.8514,80.2419
0.8658,80.0871
0.8803,80.3102
0.8947,80.4140
0.9091,80.3194
0.9236,80.3715
0.9380,80.5790
0.9524,80.8731
0.9668,81.1844
0.9813,81.2806
0.9957,81.2258
1.0101,81.2871
1.0246,81.3237
1.0390,81.4893
1.0534,81.5500
1.0679,81.2366
1.0823,81.0156
1.0967,81.2677
1.1112,81.4608
1.1256,81.3919
1.1400,81.1618
1.1544,81.0022
1.1689,80.9715
1.1833,81.2269
1.1977,81.3237
1.2122,80.8860
1.2266,80.6328
1.2410,80.6753
1.2555,81.0812
1.2699,81.1145
1.2843,81.1188
1.2987,80.9710
1.3132,80.9527
1.3276,81.1199
1.3420,81.5892
1.3565,81.7973
1.3709,81.7280
1.3853,81.5769
1.3998,81.7495
1.4142,81.9274
1.4286,81.9124
1.4431,81.6226
1.4575,81.5312
1.4719,81.5070
1.4863,81.7344
1.5008,81.7914
1.5152,81.7742
1.5296,81.6876
1.5441,81.8280
1.5585,82.1102
1.5729,82.1989
1.5874,82.3661
1.6018,82.2586
1.6162,82.1328
1.6307,82.1188
1.6451,82.1823
1.6595,82.3436
1.6739,81.7812
1.6884,81.6387
1.7028,81.7581
1.7172,81.9000
1.7317,81.8064
1.7461,81.4618
1.7605,81.3570
1.7750,81.4995
1.7894,81.7296
1.8038,82.0651
1.8182,82.1027
1.8327,81.9909
1.8471,82.0253
1.8615,82.4220
1.8760,82.7366
1.8904,82.8882
1.9048,82.9935
1.9193,83.1285
1.9337,83.1081
1.9481,83.1452
1.9626,82.9785
1.9770,82.7839
1.9914,82.5226
2.0058,82.5962
2.0203,83.0892
2.0347,83.1661
2.0491,83.2849
2.0636,83.3436
2.0780,83.2570
2.0924,83.4731
2.1069,83.8011
2.1213,83.8812
2.1357,83.3280
2.1502,83.4597
2.1646,83.5597
2.1790,83.6360
2.1934,83.4172
2.2079,83.2419
2.2223,82.9978
2.2367,82.7667
2.2512,82.4505
2.2656,82.4220
2.2800,82.1882
2.2945,82.2989
2.3089,82.6634
2.3233,83.0640
2.3377,83.2306
2.3522,83.2108
2.3666,83.0151
2.3810,82.6957
2.3955,82.5102
2.4099,82.4640
2.4243,82.3215
2.4388,82.1274
2.4532,82.0360
2.4676,82.2505
2.4821,82.5226
2.4965,82.6000
2.5109,82.5242
2.5253,82.7328
2.5398,82.6543
2.5542,82.5855
2.5686,82.3285
2.5831,82.0801
2.5975,81.8247
2.6119,81.8871
2.6264,81.9855
2.6408,82.4640
2.6552,82.8769
2.6697,82.9538
2.6841,82.8688
2.6985,83.0366
2.7129,83.2554
2.7274,83.5172
2.7418,83.4726
2.7562,83.6392
2.7707,83.6065
2.7851,83.6586
2.7995,83.5505
2.8140,83.4296
2.8284,83.1903
2.8428,83.1817
2.8572,82.8452
2.8717,82.7156
2.8861,82.4602
2.9005,82.5694
2.9150,82.8032
2.9294,83.1430
2.9438,83.2849
2.9583,83.5215
2.9727,83.5871
2.9871,83.6704
3.0016,83.8301
3.0160,84.2140
3.0304,84.6758
3.0448,84.9161
3.0593,84.7376
3.0737,85.0532
3.0881,85.1957
3.1026,85.3930
3.1170,85.3575
3.1314,85.3161
3.1459,85.1403
3.1603,85.0618
3.1747,84.9946
3.1892,85.0989
3.2036,84.8199
3.2180,84.8747
3.2324,85.0086
3.2469,85.3565
3.2613,85.4151
3.2757,85.4925
3.2902,85.4355
3.3046,85.3688
3.3190,85.0500
3.3335,85.0387
3.3479,84.6435
3.3623,84.3667
3.3767,84.2344
3.3912,84.4204
3.4056,84.2828
3.4200,84.2296
3.4345,83.8586
3.4489,83.7371
3.4633,83.6161
3.4778,83.9215
3.4922,84.0871
3.5066,84.1215
3.5211,84.0909
3.5355,84.4909
3.5499,85.0581
3.5643,85.8113
3.5788,86.2306
3.5932,86.4634
3.6076,86.2613
3.6221,86.0758
3.6365,86.1065
3.6509,86.0403
3.6654,85.7366
3.6798,85.9344
3.6942,86.2597
3.7087,86.6511
3.7231,86.7349
3.7375,86.5919
3.7519,86.5226
3.7664,86.7903
3.7808,87.0242
3.7952,87.3011
3.8097,86.9430
3.8241,86.8339
3.8385,86.8871
3.8530,87.2607
3.8674,87.3285
3.8818,87.4957
3.8962,87.5022
3.9107,87.6479
3.9251,87.8156
3.9395,87.9355
3.9540,87.9204
3.9684,87.9527
3.9828,87.7484
3.9973,88.0742
4.0117,88.2516
4.0261,88.2618
4.0406,88.2618
4.0550,88.3618
4.0694,88.3290
4.0838,88.3360
4.0983,88.4575
4.1127,88.4715
4.1271,88.5876
4.1416,89.0715
4.1560,89.6194
4.1704,90.2952
4.1849,90.4995
4.1993,90.6876
4.2137,90.2102
4.2282,90.0339
4.2426,89.9392
4.2570,90.2194
4.2714,90.0484
4.2859,90.0823
4.3003,90.5323
4.3147,91.1355
4.3292,91.3478
4.3436,91.5968
4.3580,91.6425
4.3725,91.6048
4.3869,91.7656
4.4013,92.2704
4.4157,92.5113
4.4302,92.5790
4.4446,92.3849
4.4590,92.5957
4.4735,92.8715
4.4879,92.9629
4.5023,92.8312
4.5168,93.0075
4.5312,93.0699
4.5456,93.2328
4.5601,92.8360
4.5745,92.7274
4.5889,92.3398
4.6033,92.4140
4.6178,92.3134
4.6322,92.3909
4.6466,92.3651
4.6611,92.4548
4.6755,92.4091
4.6899,92.8392
4.7044,93.1667
4.7188,93.4801
4.7332,93.3747
4.7477,93.6882
4.7621,94.1914
4.7765,94.8801
4.7909,95.3785
4.8054,95.7817
4.8198,96.1554
4.8342,96.7306
4.8487,97.3231
4.8631,97.6188
4.8775,96.9253
4.8920,96.1538
4.9064,95.2457
4.9208,95.2344
4.9352,95.0796
4.9497,94.8763
4.9641,94.6382
4.9785,94.7108
4.9930,94.8704
5.0074,95.7344
5.0218,95.9661
5.0363,96.0785
5.0507,96.0516
5.0651,96.4661
5.0796,96.9242
5.0940,97.3903
5.1084,97.5892
5.1228,97.6538
5.1373,97.3860
5.1517,97.4097
5.1661,97.3436
5.1806,97.3602
5.1950,97.2962
5.2094,97.2871
5.2239,97.4758
5.2383,97.7349
5.2527,97.6796
5.2672,97.8882
5.2816,97.8409
5.2960,97.9747
5.3104,97.7280
5.3249,97.6188
5.3393,97.4893
5.3537,97.4403
5.3682,97.2167
5.3826,97.1946
5.3970,97.1145
5.4115,97.0269
5.4259,96.9785
5.4403,96.9608
5.4547,97.1032
5.4692,97.4317
5.4836,97.6204
5.4980,98.1742
5.5125,98.5022
5.5269,99.3005
5.5413,99.9269
5.5558,100.3957
5.5702,100.8371
5.5846,101.0145
5.5991,100.9124
5.6135,101.0919
5.6279,101.4097
5.6423,101.3914
5.6568,101.0860
5.6712,101.2452
5.6856,101.3624
5.7001,101.4462
5.7145,101.4527
5.7289,101.4473
5.7434,101.4022
5.7578,101.5817
5.7722,101.4946
5.7867,101.5430
5.8011,101.1645
5.8155,100.8269
5.8299,100.6032
5.8444,100.7720
5.8588,100.8876
5.8732,101.0715
5.8877,101.0866
5.9021,101.2554
5.9165,101.4887
5.9310,101.9473
5.9454,102.1790
5.9598,102.3801
5.9742,102.7215
5.9887,103.2844
6.0031,103.8038
6.0175,103.9925
6.0320,103.9876
6.0464,103.9935
6.0608,103.9349
6.0753,104.0796
6.0897,104.1124
6.1041,103.9489
6.1186,103.4118
6.1330,103.7054
6.1474,104.1473
6.1618,104.1210
6.1763,104.1559
6.1907,104.1914
6.2051,103.9403
6.2196,104.0140
6.2340,104.0532
6.2484,104.1511
6.2629,104.1452
6.2773,104.1452
6.2917,104.3909
6.3062,104.4855
6.3206,104.9113
6.3350,105.2258
6.3494,105.3274
6.3639,105.2989
6.3783,105.0199
6.3927,104.9457
6.4072,104.5602
6.4216,104.4371
6.4360,104.4081
6.4505,104.4495
6.4649,104.0892
6.4793,103.7516
6.4937,103.4269
6.5082,103.1962
6.5226,102.6027
6.5370,102.5790
6.5515,102.3747
6.5659,102.1645
6.5803,102.0199
6.5948,102.2054
6.6092,102.3237
6.6236,102.5758
6.6381,102.6672
6.6525,102.7645
6.6669,102.6871
6.6813,102.5978
6.6958,102.5570
6.7102,102.4215
6.7246,102.3602
6.7391,102.6016
6.7535,102.6495
6.7679,102.6425
6.7824,102.4796
6.7968,102.1694
6.8112,101.8543
6.8257,101.9613
6.8401,101.8005
6.8545,101.5344
6.8689,101.0473
6.8834,100.6054
6.8978,100.2790
6.9122,100.2215
6.9267,99.9102
6.9411,99.5016
6.9555,98.9392
6.9700,98.6597
6.9844,98.1559
6.9988,97.8237
7.0132,97.2806
7.0277,96.7151
7.0421,96.2629
7.0565,96.1274
7.0710,95.7661
7.0854,95.3812
7.0998,94.9323
7.1143,94.5005
7.1287,94.0629
7.1431,93.9586
7.1576,93.6215
7.1720,93.1796
7.1864,92.7263
7.2008,92.4946
7.2153,92.0936
7.2297,91.7882
7.2441,91.5952
7.2586,91.2860
7.2730,90.7640
7.2874,90.3527
7.3019,89.7866
7.3163,89.5091
7.3307,88.7290
7.3452,88.3097
7.3596,87.9984
7.3740,87.8452
7.3884,87.2032
7.4029,86.8043
7.4173,86.4505
7.4317,86.0290
7.4462,85.5694
7.4606,84.8866
7.4750,84.0731
7.4895,83.3247
7.5039,82.8925
7.5183,82.8758
7.5327,82.6032
7.5472,82.2957
7.5616,81.7306
7.5760,81.1059
7.5905,80.4946
7.6049,80.3048
7.6193,80.0065
7.6338,79.6398
7.6482,79.3478
7.6626,79.2581
7.6771,78.8833
7.6915,78.2984
7.7059,77.5263
7.7203,76.6806
7.7348,76.1355
7.7492,75.7597
7.7636,75.2602
7.7781,74.8452
7.7925,74.1672
7.8069,73.8984
7.8214,73.5333
7.8358,73.1522
7.8502,72.5301
7.8647,72.1097
7.8791,71.5909
7.8935,71.1210
7.9079,70.6903
7.9224,70.3973
7.9368,69.9871
7.9512,69.7032
7.9657,69.5694
7.9801,69.3538
7.9945,69.0608
8.0090,68.7339
8.0234,68.5613
8.0378,68.3984
8.0522,68.0479
8.0667,67.5892
8.0811,67.1038
8.0955,66.7339
8.1100,66.6392
8.1244,66.7151
8.1388,66.5532
8.1533,66.3280
8.1677,65.8527
8.1821,65.2984
8.1966,65.0102
8.2110,65.0296
8.2254,64.8328
8.2398,64.5333
8.2543,63.9473
8.2687,63.7866
8.2831,63.5505
8.2976,63.4430
8.3120,63.3183
8.3264,63.0108
8.3409,62.6989
8.3553,62.2909
8.3697,62.2613
8.3842,62.2102
8.3986,61.9242
8.4130,61.6306
8.4274,61.4226
8.4419,61.3774
8.4563,61.1005
8.4707,60.8419
8.4852,60.6876
8.4996,60.4452
8.5140,60.1016
8.5285,59.8328
8.5429,59.4317
8.5573,59.0043
8.5717,58.5984
8.5862,58.5613
8.6006,58.3081
8.6150,58.1694
8.6295,57.9253
8.6439,57.7140
8.6583,57.5323
8.6728,57.5559
8.6872,57.3242
8.7016,57.1075
8.7161,56.3532
8.7305,56.1210
8.7449,56.1043
8.7593,56.3172
8.7738,56.2097
8.7882,55.8011
8.8026,55.3516
8.8171,55.2129
8.8315,54.9183
8.8459,54.6860
8.8604,54.3097
8.8748,53.9516
8.8892,53.5430
8.9037,53.3446
8.9181,52.8839
8.9325,52.2796
8.9469,51.6247
8.9614,51.2274
8.9758,50.4989
8.9902,50.0570
9.0047,49.6425
9.0191,49.3527
9.0335,49.1995
9.0480,49.1048
9.0624,48.8258
9.0768,48.7409
9.0912,48.4473
9.1057,47.9484
9.1201,47.7575
9.1345,47.8398
9.1490,47.6479
9.1634,47.1785
9.1778,46.6651
9.1923,46.4753
9.2067,46.6694
9.2211,46.6645
9.2356,46.5839
9.2500,46.4419
9.2644,46.3091
9.2788,46.2446
9.2933,45.9167
9.3077,45.5355
9.3221,45.1000
9.3366,44.9366
9.3510,44.8683
9.3654,44.5715
9.3799,44.0995
9.3943,43.9565
9.4087,43.9306
9.4232,43.7032
9.4376,43.3220
9.4520,43.1011
9.4664,42.8064
9.4809,42.3328
9.4953,42.0575
9.5097,42.0699
9.5242,42.1005
9.5386,42.0000
9.5530,42.1344
9.5675,42.0564
9.5819,41.9608
9.5963,41.9984
9.6107,41.8333
9.6252,41.5903
9.6396,41.4538
9.6540,41.2995
9.6685,40.8968
9.6829,40.5129
9.6973,40.1446
9.7118,40.0849
9.7262,39.5403
9.7406,39.0172
9.7551,38.4973
9.7695,38.3151
9.7839,38.0226
9.7983,37.7565
9.8128,37.7344
9.8272,37.6667
9.8416,37.2570
9.8561,36.9274
9.8705,36.4731
9.8849,36.1672
9.8994,35.8602
9.9138,35.7102
9.9282,35.4629
9.9427,34.9839
9.9571,34.6957
9.9715,34.6769
9.9859,34.4392
10.0004,34.0882
10.0148,33.6989
10.0292,33.3086
10.0437,33.0715
10.0581,32.9296
10.0725,32.4774
10.0870,32.1398
10.1014,31.9677
10.1158,32.0823
10.1302,32.2231
10.1447,32.2575
10.1591,32.1349
10.1735,31.9258
10.1880,31.7887
10.2024,31.8274
10.2168,31.7468
10.2313,31.5129
10.2457,31.3253
10.2601,31.2151
10.2746,31.0973
10.2890,30.9048
10.3034,30.8263
10.3178,30.9753
10.3323,30.9677
10.3467,30.6860
10.3611,30.4382
10.3756,30.3930
10.3900,30.3038
10.4044,30.0957
10.4189,29.9022
10.4333,30.0715
10.4477,30.1177
10.4622,29.9263
10.4766,29.6763
10.4910,29.5382
10.5054,29.4344
10.5199,29.3425
10.5343,29.2129
10.5487,28.9323
10.5632,28.8306
10.5776,28.7919
10.5920,28.6957
10.6065,28.4769
10.6209,28.3484
10.6353,28.2898
10.6497,27.9941
10.6642,27.8280
10.6786,27.6387
10.6930,27.4618
10.7075,27.2833
10.7219,27.0672
10.7363,26.9957
10.7508,26.9091
10.7652,26.8538
10.7796,26.6554
10.7941,26.3285
10.8085,26.0769
10.8229,25.7935
10.8373,25.7452
10.8518,25.4935
10.8662,25.1677
10.8806,25.0290
10.8951,25.0113
10.9095,24.9452
10.9239,24.9108
10.9384,24.8124
10.9528,24.6774
10.9672,24.5522
10.9817,24.3995
10.9961,24.2876
11.0105,24.2054
11.0249,24.1957
11.0394,23.9651
11.0538,23.7613
11.0682,23.6430
11.0827,23.7097
11.0971,23.5726
11.1115,23.1962
11.1260,23.0016
11.1404,22.9468
11.1548,22.7285
11.1692,22.5468
11.1837,22.6495
11.1981,22.6688
11.2125,22.6608
11.2270,22.5688
11.2414,22.5462
11.2558,22.4866
11.2703,22.5581
11.2847,22.6634
11.2991,22.6694
11.3136,22.5409
11.3280,22.3500
11.3424,22.4527
11.3568,22.5011
11.3713,22.2790
11.3857,22.4468
11.4001,22.5022
11.4146,22.3011
11.4290,22.0382
11.4434,21.8919
11.4579,21.8419
11.4723,21.7672
11.4867,21.7833
11.5012,21.7968
11.5156,21.8839
11.5300,21.8521
11.5444,21.8640
11.5589,21.9688
11.5733,21.7935
11.5877,21.7097
11.6022,21.4833
11.6166,21.2823
11.6310,21.3005
11.6455,21.4102
11.6599,21.5124
11.6743,21.6500
11.6887,21.6167
11.7032,21.7414
11.7176,21.7855
11.7320,21.6258
11.7465,21.4919
11.7609,21.4602
11.7753,21.3457
11.7898,21.3780
11.8042,21.5694
11.8186,21.7349
11.8331,21.6909
11.8475,21.5495
11.8619,21.5753
11.8763,21.7978
11.8908,22.0516
11.9052,22.0489
11.9196,22.1989
11.9341,21.9747
11.9485,22.3640
11.9629,22.8887
11.9774,23.4038
11.9918,23.8204
12.0062,24.2876
12.0207,24.6758
12.0351,25.0892
12.0495,25.4876
12.0639,25.2968
12.0784,25.3097
12.0928,25.5323
12.1072,25.6280
12.1217,25.6640
12.1361,25.7769
12.1505,25.9667
12.1650,26.1403
12.1794,26.2355
12.1938,26.2425
12.2082,26.2151
12.2227,26.1608
12.2371,26.0833
12.2515,26.1543
12.2660,26.1129
12.2804,25.9823
12.2948,26.0430
12.3093,25.8500
12.3237,25.7446
12.3381,25.8661
12.3526,25.8613
12.3670,25.6301
12.3814,25.3226
12.3958,25.2957
12.4103,25.4226
12.4247,25.3720
12.4391,25.3290
12.4536,25.2296
12.4680,25.2032
12.4824,25.1446
12.4969,24.8957
12.5113,24.7833
12.5257,24.5984
12.5402,24.4823
12.5546,24.4543
12.5690,24.4285
12.5834,24.5323
12.5979,24.4199
12.6123,24.1296
12.6267,23.8253
12.6412,23.8763
12.6556,23.9194
12.6700,23.9022
12.6845,23.4860
12.6989,23.1317
12.7133,23.2430
12.7277,23.3672
12.7422,23.2962
12.7566,22.7005
12.7710,22.5328
12.7855,22.2586
12.7999,22.1360
12.8143,22.1059
12.8288,22.2414
12.8432,22.3720
12.8576,22.3812
12.8721,22.3898
12.8865,22.3511
12.9009,22.3774
12.9153,22.4559
12.9298,22.2726
12.9442,22.1263
12.9586,21.9516
12.9731,21.7704
12.9875,21.4758
13.0019,21.2161
13.0164,20.9548
13.0308,20.8876
13.0452,20.6973
13.0597,20.2903
13.0741,19.5269
13.0885,18.9409
13.1029,18.5505
13.1174,18.2237
13.1318,18.0801
13.1462,17.9871
13.1607,17.9215
13.1751,17.9565
13.1895,18.1280
13.2040,18.2048
13.2184,18.1059
13.2328,17.9425
13.2472,17.8097
13.2617,17.7683
13.2761,17.5581
13.2905,17.2618
13.3050,16.8398
13.3194,16.7296
13.3338,16.9419
13.3483,16.8839
13.3627,16.9382
13.3771,16.8468
13.3916,16.7210
13.4060,16.7511
13.4204,16.9613
13.4348,17.1699
13.4493,17.2753
13.4637,17.4565
13.4781,17.7516
13.4926,18.0796
13.5070,18.4855
13.5214,18.9188
13.5359,19.4301
13.5503,19.7667
13.5647,19.9129
13.5792,20.0398
13.5936,19.9602
13.6080,19.8554
13.6224,19.8930
13.6369,19.9382
13.6513,19.8054
13.6657,19.5699
13.6802,19.6688
13.6946,19.6575
13.7090,19.4172
13.7235,19.1328
13.7379,18.7204
13.7523,18.3532
13.7667,17.8882
13.7812,17.9602
13.7956,18.0151
13.8100,18.1661
13.8245,18.5124
13.8389,18.5694
13.8533,18.8941
13.8678,19.5500
13.8822,19.8855
13.8966,19.8855
13.9111,19.8570
13.9255,20.1204
13.9399,20.6011
13.9543,21.0742
13.9688,21.3801
13.9832,21.5376
13.9976,21.6661
14.0121,21.8565
14.0265,22.0796
14.0409,22.0387
14.0554,22.1242
14.0698,22.3570
14.0842,22.3145
14.0987,22.0608
14.1131,21.9032
14.1275,21.9989
14.1419,22.5005
14.1564,22.4522
14.1708,22.3844
14.1852,22.3758
14.1997,22.3919
14.2141,22.3102
14.2285,22.3398
14.2430,22.5624
14.2574,22.7032
14.2718,22.6263
14.2862,22.5898
14.3007,22.5355
14.3151,22.6000
14.3295,22.7339
14.3440,22.6962
14.3584,22.4301
14.3728,22.0005
14.3873,22.0823
14.4017,22.3753
14.4161,22.4672
14.4306,22.3489
14.4450,22.2849
14.4594,22.3403
14.4738,22.3710
14.4883,22.2446
14.5027,22.3855
14.5171,22.4489
14.5316,22.4339
14.5460,22.6554
14.5604,23.1113
14.5749,23.3382
14.5893,23.2823
14.6037,23.5409
14.6182,23.4054
14.6326,23.5038
14.6470,23.6204
14.6614,23.5565
14.6759,23.5102
14.6903,23.6597
14.7047,23.8129
14.7192,23.8339
14.7336,23.8586
14.7480,23.9075
14.7625,23.8726
14.7769,23.9371
14.7913,24.1677
14.8057,24.2027
14.8202,24.0489
14.8346,23.6290
14.8490,23.8656
14.8635,24.1059
14.8779,24.2274
14.8923,24.3274
14.9068,24.3005
14.9212,24.1720
14.9356,24.1247
14.9501,23.8892
14.9645,23.9753
14.9789,23.8876
14.9933,23.8097
15.0078,23.9473
15.0222,24.0591
15.0366,24.0462
15.0511,24.0957
15.0655,23.8645
15.0799,23.6812
15.0944,23.5425
15.1088,23.4382
15.1232,23.2882
15.1377,23.0812
15.1521,22.8441
15.1665,22.8022
15.1809,22.7333
15.1954,22.3677
15.2098,21.8812
15.2242,21.6559
15.2387,21.5403
15.2531,21.6559
15.2675,21.7113
15.2820,21.7677
15.2964,21.6344
15.3108,21.5946
15.3252,21.5113
15.3397,21.5457
15.3541,21.7602
15.3685,21.9409
15.3830,22.1118
15.3974,22.5565
15.4118,22.5898
15.4263,22.7237
15.4407,22.7409
15.4551,22.7887
15.4696,23.0274
15.4840,23.0452
15.4984,22.9995
15.5128,23.1554
15.5273,23.1086
15.5417,22.9156
15.5561,22.7667
15.5706,22.8022
15.5850,22.6489
15.5994,22.7581
15.6139,22.9957
15.6283,23.1435
15.6427,23.1769
15.6572,23.0672
15.6716,23.1188
15.6860,23.1780
15.7004,23.2505
15.7149,23.4124
15.7293,23.4005
15.7437,23.5382
15.7582,23.4392
15.7726,23.6376
15.7870,23.7005
15.8015,23.6285
15.8159,23.5640
15.8303,23.4941
15.8447,23.4000
15.8592,23.1430
15.8736,23.1134
15.8880,22.9758
15.9025,22.9091
15.9169,23.1419
15.9313,23.3500
15.9458,23.6290
15.9602,23.7253
15.9746,23.8548
15.9891,24.0586
16.0035,24.4796
16.0179,24.7285
16.0323,24.8914
16.0468,24.9215
16.0612,25.1500
16.0756,25.7296
16.0901,26.3414
16.1045,26.4409
16.1189,26.6021
16.1334,26.7962
16.1478,27.1452
16.1622,27.4925
16.1767,27.7231
16.1911,27.7484
16.2055,27.8194
16.2199,27.8312
16.2344,28.0849
16.2488,28.1312
16.2632,28.2608
16.2777,28.3349
16.2921,28.3575
16.3065,28.3108
16.3210,28.4731
16.3354,28.6806
16.3498,28.9489
16.3642,29.1263
16.3787,29.3027
16.3931,29.4280
16.4075,29.5081
16.4220,29.4247
16.4364,29.3317
16.4508,29.1672
16.4653,29.6081
16.4797,29.6882
16.4941,29.3608
16.5086,29.0355
16.5230,29.2425
16.5374,29.7500
16.5518,30.2011
16.5663,30.1984
16.5807,30.2613
16.5951,30.3220
16.6096,30.6328
16.6240,30.7575
16.6384,30.8968
16.6529,31.0086
16.6673,31.1887
16.6817,31.5005
16.6962,31.6919
16.7106,31.9672
16.7250,32.0532
16.7394,32.2167
16.7539,32.3548
16.7683,32.5140
16.7827,32.8876
16.7972,32.7462
16.8116,32.7188
16.8260,32.8667
16.8405,33.3151
16.8549,33.6656
16.8693,33.7344
16.8837,33.8833
16.8982,33.9237
16.9126,33.8349
16.9270,33.8715
16.9415,34.0188
16.9559,34.1468
16.9703,34.2548
16.9848,34.5828
16.9992,34.8602
17.0136,35.2371
17.0281,35.2882
17.0425,35.4140
17.0569,35.4995
17.0713,35.4500
17.0858,35.3785
17.1002,35.3661
17.1146,35.3301
17.1291,35.3833
17.1435,35.2887
17.1579,35.4011
17.1724,35.4263
17.1868,35.3280
17.2012,35.2333
17.2157,35.1683
17.2301,35.0532
17.2445,35.1511
17.2589,35.0554
17.2734,34.7973
17.2878,34.5919
17.3022,34.7581
17.3167,35.0516
17.3311,35.0134
17.3455,34.6027
17.3600,34.3833
17.3744,34.6715
17.3888,34.9452
17.4032,35.1301
17.4177,35.0683
17.4321,35.1070
17.4465,35.4978
17.4610,35.9070
17.4754,36.2188
17.4898,36.4731
17.5043,36.3887
17.5187,36.5575
17.5331,36.8661
17.5476,37.1414
17.5620,37.3608
17.5764,37.3742
17.5908,37.3339
17.6053,37.2833
17.6197,37.1495
17.6341,37.2618
17.6486,37.4113
17.6630,37.5769
17.6774,37.7823
17.6919,37.9608
17.7063,38.0909
17.7207,38.0360
17.7352,38.0231
17.7496,38.1591
17.7640,38.5129
17.7784,38.6898
17.7929,38.9704
17.8073,38.9253
17.8217,39.0022
17.8362,38.8758
17.8506,38.9866
17.8650,39.0188
17.8795,39.1204
17.8939,39.4161
17.9083,39.6941
17.9227,39.8102
17.9372,39.7441
17.9516,39.5935
17.9660,39.6113
17.9805,39.7548
17.9949,40.3253
18.0093,40.6801
18.0238,40.7484
18.0382,40.8979
18.0526,41.1425
18.0671,41.5763
18.0815,41.8355
18.0959,42.1220
18.1103,42.4194
18.1248,42.6505
18.1392,43.2215
18.1536,43.5043
18.1681,43.7694
18.1825,43.6989
18.1969,43.7731
18.2114,44.2097
18.2258,44.7312
18.2402,45.0231
18.2547,45.3516
18.2691,45.6220
18.2835,45.8081
18.2979,46.0167
18.3124,46.3382
18.3268,46.6871
18.3412,47.0554
18.3557,47.5005
18.3701,48.0366
18.3845,48.4699
18.3990,48.7516
18.4134,48.7962
18.4278,48.8172
18.4422,49.2097
18.4567,49.7790
18.4711,50.0355
18.4855,50.2280
18.5000,50.8113
18.5144,51.2097
18.5288,51.2581
18.5433,51.3575
18.5577,51.6774
18.5721,51.8371
18.5866,51.8941
18.6010,52.3376
18.6154,52.6763
18.6298,52.8151
18.6443,52.9941
18.6587,53.4516
18.6731,53.9952
18.6876,54.8306
18.7020,55.8382
18.7164,56.4274
18.7309,57.7747
18.7453,59.4855
18.7597,61.6629
18.7742,63.2984
18.7886,64.7333
18.8030,65.8495
18.8174,67.1538
18.8319,68.4559
18.8463,69.5688
18.8607,70.2930
18.8752,71.4269
18.8896,72.4919
18.9040,73.7839
18.9185,74.7624
18.9329,75.3285
18.9473,76.1564
18.9617,76.9521
18.9762,77.5941
18.9906,78.0479
19.0050,78.5645
19.0195,79.3226
19.0339,80.0038
19.0483,80.8699
19.0628,81.7005
19.0772,82.3022
19.0916,82.5844
19.1061,83.1581
19.1205,83.6301
19.1349,84.0957
19.1493,84.3548
19.1638,84.3828
19.1782,84.6699
19.1926,84.9199
19.2071,85.2086
19.2215,85.6704
19.2359,85.8828
19.2504,86.2866
19.2648,86.8828
19.2792,87.1323
19.2937,87.3591
19.3081,87.4839
19.3225,87.5210
19.3369,87.6968
19.3514,87.8323
19.3658,87.8376
19.3802,87.8527
19.3947,87.7263
19.4091,88.0661
19.4235,88.4656
19.4380,88.7742
19.4524,88.8715
19.4668,89.1457
19.4812,89.8247
19.4957,90.4624
19.5101,90.9575
19.5245,91.3500
19.5390,91.3866
19.5534,91.3129
19.5678,91.6312
19.5823,92.2403
19.5967,92.7129
19.6111,92.9344
19.6256,92.9699
19.6400,93.1586
19.6544,93.5435
19.6688,93.8484
19.6833,93.6925
19.6977,93.7263
19.7121,93.7715
19.7266,94.0564
19.7410,94.3419
19.7554,94.4226
19.7699,94.3930
19.7843,94.5140
19.7987,94.6344
19.8132,94.7656
19.8276,94.7737
19.8420,94.6602
19.8564,94.2801
19.8709,94.1979
19.8853,94.2290
19.8997,94.2199
19.9142,94.0398
19.9286,93.7226
19.9430,93.6081
19.9575,93.5107
19.9719,93.1468
19.9863,93.0188
20.0007,92.6898
20.0152,92.5134
20.0296,92.4747
20.0440,92.8059
20.0585,93.1253
20.0729,93.3355
20.0873,93.4855
20.1018,93.7597
20.1162,94.2446
20.1306,94.6043
20.1451,94.5419
20.1595,94.4398
20.1739,94.6323
20.1883,94.7753
20.2028,94.9081
20.2172,94.8161
20.2316,94.4452
20.2461,94.2398
20.2605,94.2651
20.2749,94.4263
20.2894,94.3602
20.3038,94.3274
20.3182,94.1425
20.3327,94.0220
20.3471,94.0608
20.3615,94.3430
20.3759,94.3694
20.3904,94.4237
20.4048,94.4215
20.4192,94.2973
20.4337,93.9597
20.4481,93.5613
20.4625,92.6941
20.4770,91.9403
20.4914,91.4758
20.5058,91.4285
20.5202,91.3398
20.5347,90.9667
20.5491,90.5355
20.5635,90.2333
20.5780,89.6925
20.5924,88.9226
20.6068,88.1839
20.6213,88.1038
20.6357,88.3909
20.6501,89.1199
20.6646,89.8183
20.6790,90.4968
20.6934,90.9005
20.7078,91.4032
20.7223,91.9274
20.7367,92.4349
20.7511,92.6306
20.7656,92.5462
20.7800,92.4731
20.7944,92.5892
20.8089,92.5371
20.8233,92.5457
20.8377,92.2737
20.8522,92.0457
20.8666,91.7366
20.8810,91.6817
20.8954,91.7145
20.9099,91.6527
20.9243,91.5769
20.9387,91.5258
20.9532,91.3323
20.9676,91.2516
20.9820,91.1774
20.9965,91.0290
21.0109,90.9871
21.0253,91.0296
21.0397,91.0005
21.0542,90.7634
21.0686,90.3312
21.0830,90.0328
21.0975,90.0489
21.1119,90.0763
21.1263,90.0855
21.1408,89.8962
21.1552,89.5038
21.1696,89.1457
21.1841,89.0634
21.1985,88.9651
21.2129,88.7688
21.2273,88.5237
21.2418,88.2269
21.2562,88.1742
21.2706,88.0720
21.2851,88.1194
21.2995,88.2156
21.3139,88.0978
21.3284,88.0989
21.3428,88.1672
21.3572,88.1349
21.3717,87.9376
21.3861,87.6936
21.4005,87.6634
21.4149,87.7629
21.4294,87.7419
21.4438,87.4984
21.4582,87.3054
21.4727,87.3172
21.4871,87.2720
21.5015,87.2124
21.5160,86.8882
21.5304,86.4559
21.5448,86.0521
21.5592,85.8753
21.5737,85.8634
21.5881,85.8349
21.6025,85.6124
21.6170,85.2430
21.6314,84.9801
21.6458,85.0667
21.6603,85.0290
21.6747,84.9091
21.6891,84.6941
21.7036,84.7167
21.7180,84.6871
21.7324,84.4871
21.7468,84.1532
21.7613,84.0495
21.7757,83.7204
21.7901,83.6027
21.8046,83.5753
21.8190,83.3290
21.8334,82.9108
21.8479,82.6419
21.8623,82.6720
21.8767,82.6452
21.8912,82.4763
21.9056,82.2989
21.9200,81.9763
21.9344,81.7054
21.9489,81.7737
21.9633,81.7118
21.9777,81.4968
21.9922,81.3339
22.0066,81.2065
22.0210,81.1532
22.0355,81.2043
22.0499,81.0973
22.0643,80.8204
22.0787,80.4882
22.0932,80.4699
22.1076,80.6016
22.1220,80.4860
22.1365,80.1156
22.1509,79.8812
22.1653,80.0312
22.1798,80.1317
22.1942,80.1441
22.2086,80.0833
22.2231,79.9462
22.2375,79.9575
22.2519,80.0586
22.2663,80.0263
22.2808,79.9704
22.2952,79.7478
22.3096,79.5758
22.3241,79.4694
22.3385,79.4468
22.3529,79.1726
22.3674,79.0016
22.3818,78.9866
22.3962,79.0747
22.4107,79.1269
22.4251,79.0667
22.4395,79.0355
22.4539,78.7382
22.4684,78.6215
22.4828,78.6860
22.4972,78.7565
22.5117,78.7720
22.5261,78.6586
22.5405,78.3995
22.5550,78.1812
22.5694,78.1936
22.5838,78.1113
22.5982,78.0602
22.6127,78.0414
22.6271,78.1737
22.6415,78.1495
22.6560,78.1323
22.6704,78.2473
22.6848,78.0629
22.6993,77.9532
22.7137,77.8419
22.7281,77.9505
22.7426,77.8785
22.7570,77.7258
22.7714,77.7172
22.7858,77.8387
22.8003,77.9215
22.8147,77.9016
22.8291,77.7898
22.8436,77.5758
22.8580,77.4935
22.8724,77.6403
22.8869,77.6790
22.9013,77.6258
22.9157,77.0903
22.9302,77.0194
22.9446,77.1946
22.9590,77.7005
22.9734,77.9473
22.9879,77.7452
23.0023,77.7059
23.0167,77.6801
23.0312,77.8935
23.0456,77.8242
23.0600,77.7054
23.0745,77.5817
23.0889,77.5882
23.1033,77.7586
23.1177,77.6812
23.1322,77.5382
23.1466,77.3785
23.1610,77.2538
23.1755,77.3194
23.1899,77.4145
23.2043,77.2973
23.2188,77.1457
23.2332,77.0785
23.2476,77.2554
23.2621,77.7570
23.2765,77.8091
23.2909,77.7640
23.3053,77.7301
23.3198,77.6371
23.3342,77.6124
23.3486,77.4349
23.3631,77.1672
23.3775,76.9059
23.3919,77.0796
23.4064,77.3151
23.4208,77.4527
23.4352,77.3677
23.4497,77.1398
23.4641,77.2489
23.4785,77.4457
23.4929,77.6414
23.5074,77.4511
23.5218,77.4301
23.5362,77.4210
23.5507,77.3280
23.5651,77.3511
23.5795,77.4677
23.5940,77.5059
23.6084,77.3731
23.6228,77.4280
23.6372,77.6215
23.6517,77.6473
23.6661,77.5129
23.6805,77.5516
23.6950,77.5919
23.7094,77.8086
23.7238,77.4941
23.7383,77.1979
23.7527,76.8392
23.7671,76.6586
23.7816,76.8806
23.7960,77.1634
23.8104,77.3188
23.8248,77.1898
23.8393,77.1656
23.8537,77.2177
23.8681,77.3376
23.8826,77.4414
23.8970,77.3629
23.9114,77.1043
23.9259,76.9538
23.9403,77.0425
23.9547,77.4527
23.9692,77.4167
23.9836,77.2032
23.9980,77.1091
24.0124,77.2688
24.0269,77.3215
24.0413,77.1489
24.0557,76.9102
24.0702,76.8086
24.0846,76.9860
24.0990,77.3473
24.1135,77.4887
24.1279,77.0204
24.1423,76.6134
24.1567,76.7640
24.1712,77.1645
24.1856,77.1989
24.2000,77.1968
24.2145,77.3011
24.2289,77.4893
24.2433,77.8392
24.2578,78.2220
24.2722,78.4005
24.2866,78.7172
24.3011,78.8043
24.3155,79.2667
24.3299,79.9070
24.3443,80.2559
24.3588,80.2855
24.3732,80.2968
24.3876,80.2500
24.4021,80.4468
24.4165,80.3188
24.4309,80.0075
24.4454,79.5973
24.4598,79.1032
24.4742,78.6866
24.4887,78.2011
24.5031,77.5839
24.5175,77.1462
24.5319,76.7979
24.5464,76.7172
24.5608,76.7543
24.5752,76.6973
24.5897,76.3645
24.6041,76.4253
24.6185,76.4893
24.6330,76.6425
24.6474,76.7043
24.6618,76.5371
24.6762,76.4667
24.6907,76.3823
24.7051,76.4774
24.7195,76.3849
24.7340,76.2054
24.7484,76.2839
24.7628,76.2220
24.7773,76.2194
24.7917,76.3220
24.8061,76.2414
24.8206,76.0226
24.8350,75.6204
24.8494,75.4511
24.8638,75.2823
24.8783,75.1871
24.8927,75.0043
24.9071,74.5204
24.9216,74.3516
24.9360,74.4785
24.9504,74.4634
24.9649,74.1624
24.9793,73.9559
24.9937,73.6021
25.0082,73.7048
25.0226,73.8237
25.0370,73.8457
25.0514,73.5898
25.0659,73.4855
25.0803,73.6667
25.0947,73.8667
25.1092,73.8263
25.1236,73.7704
25.1380,73.6871
25.1525,73.6371
25.1669,73.6172
25.1813,73.6699
