"","looker_id","looker_id_seq","looker_gender","width_left_px","sc_width_left_px","ir_width_left_px","ir_width_alt_left_px","width_right_px","sc_width_right_px","ir_width_right_px","ir_width_alt_right_px","height_left_px","sc_height_left_px","ir_height_left_px","height_right_px","sc_height_right_px","ir_height_right_px","complete_area_left","complete_area_right","eye_opening_area_left","eye_opening_area_right","iris_pupil_area_left","iris_pupil_area_right","sclera_area_left","sclera_area_right","hac_left","hac_right","hrc_left","hrc_right","ril_left","ril_right","luminance_slope_left","luminance_slope_right","width_px","sc_width_px","ir_width_px","ir_width_alt_px","height_px","sc_height_px","ir_height_px","complete_area","eye_opening_area","iris_pupil_area","sclera_area","hac","hrc","ril","lum_slope","lum_slope_abs","whr_px","ssi_px","ssi_alt_px","ssr","hei_left_px","hei_right_px","hei_px","luminance_slope_abs_left","luminance_slope_abs_right","whr_left_px","whr_right_px","ssi_left_px","ssi_alt_left_px","ssi_right_px","ssi_alt_right_px","ssr_left","ssr_right"
"1","F01",1,"f",1866.14679699026,1665.3978928112,842.728260573953,808.616198356097,1784.88239087874,1623.38243105098,835.998683470853,795.945429780716,666.51205684192,663.609634434602,671.832400473348,651.393775138661,645.193008859925,643.160368712131,167.307,155.936,159.957,150.642,97.032,94.308,62.925,56.334,88.5514,111.337,96.873,85.717,2059.02503766411,1269.60353804655,-10.9712806026365,15.2145453551614,1866.14679699026,1665.3978928112,842.728260573953,808.616198356097,666.51205684192,663.609634434602,671.832400473348,167.307,159.957,97.032,62.925,99.9442,91.295,16.6431428785533,2.12163237626243,13.092912978899,2.7998695264906,1.97619798780328,2.0595653366788,39.3386972748926,21771.5002651775,21148.1867558118,21771.5002651775,10.9712806026365,15.2145453551614,2.7998695264906,2.74009740191145,1.97619798780328,2.0595653366788,2.51611906632334,2.03956498814024,39.3386972748926,37.3959453538854
"2","F02",2,"f",1994.67286566018,1768.83491247374,796.434709008215,771.982641675281,2022.12919354155,1734.10596337854,786.153317394261,777.789176099279,652.788896290517,650.309962528848,656.589548140821,612.171739123593,606.803990850036,651.506003970328,164.01,154.961,158.987,149.154,86.739,82.827,72.248,66.327,119.404,112.806,90.3153,88.6866,1202.56988344164,1590.61598443452,-16.1748012083283,-18.2033241891238,1994.67286566018,1768.83491247374,796.434709008215,771.982641675281,652.788896290517,650.309962528848,656.589548140821,164.01,158.987,86.739,72.248,116.105,89.50095,13.9659293393808,-17.189062698726,17.189062698726,3.0556170256494,2.22094151908126,2.29128845259421,45.4427091523206,25025.4413316875,27414.6618620553,25025.4413316875,16.1748012083283,18.2033241891238,3.0556170256494,3.30320572530268,2.22094151908126,2.29128845259421,2.85776954259864,2.22953213629858,45.4427091523206,44.4688040548695
"3","F03",3,"f",1800.44135733714,1601.32082213184,807.841363279326,765.194041784963,1751.42025475469,1501.19103402365,801.892118525303,756.874126040127,673.900205348674,671.942036035455,662.187661544571,684.260872045514,678.127926374517,658.380872578503,160.4,166.328,154.77,152.625,84.761,85.487,70.009,67.138,89.4784,90.4982,99.5116,98.8448,2557.72482552177,2452.48935196035,-12.9725842696629,18.6428939290938,1800.44135733714,1601.32082213184,807.841363279326,765.194041784963,673.900205348674,671.942036035455,662.187661544571,160.4,154.77,84.761,70.009,89.9883,99.1782,25.0510708874106,2.83515482971543,15.8077390993784,2.67167355499706,1.98222187538342,2.09269902101753,45.2342185178006,20944.5569633004,20098.1025963309,20944.5569633004,12.9725842696629,18.6428939290938,2.67167355499706,2.5595797250821,1.98222187538342,2.09269902101753,2.21372837725396,1.98340910644905,45.2342185178006,43.9888615888616
"4","F04",4,"f",1842.32675434218,1630.93912927276,828.891648094611,795.575192559299,1836.77629595577,1556.35819433863,844.313129980815,800.393266778475,575.724758302854,576.318893323329,585.03344676812,588.266506588083,586.019526042798,606.120197362517,141.974,143.41,134.267,134.332,81.6,83.096,52.667,51.236,88.0238,79.7829,101.062,94.2317,1616.97256443662,1776.21352618363,13.5414980847038,-13.2334090795999,1842.32675434218,1630.93912927276,828.891648094611,795.575192559299,575.724758302854,576.318893323329,585.03344676812,141.974,134.267,81.6,52.667,83.90335,97.64685,16.9659304531013,0.154044502551929,13.3874535821519,3.20001307529847,1.96761438364331,2.05001255007232,39.2255729255886,25279.2411371744,25114.9924171828,25279.2411371744,13.5414980847038,13.2334090795999,3.20001307529847,3.1223540272741,1.96761438364331,2.05001255007232,2.65581286147275,1.94449186285994,39.2255729255886,38.1413215019504
"5","F05",5,"f",1815.23932235532,1600.48084219868,819.3980139035,793.41361777803,1853.26838971505,1651.82583133513,820.383503394601,802.445326766782,656.959019882742,652.587672304155,727.07583723468,677.560297384507,676.806045257111,726.426548492827,155.576,162.235,149.616,156.94,91.646,93.839,57.97,63.101,92.5617,86.5737,105.672,104.294,1636.76431125194,1642.85217834513,13.1110937986912,12.1163438392207,1815.23932235532,1600.48084219868,819.3980139035,793.41361777803,656.959019882742,652.587672304155,727.07583723468,155.576,149.616,91.646,57.97,89.5677,104.983,16.3980824479854,12.613718818956,12.613718818956,2.76309368989152,1.95323983588172,2.01720868704127,38.7458560581756,22023.67258465,21884.8204684402,22023.67258465,13.1110937986912,12.1163438392207,2.76309368989152,2.7352080646829,1.95323983588172,2.01720868704127,2.44061920384831,2.05849018772491,38.7458560581756,40.2070855103861
"6","F07",6,"f",1737.20713669297,1561.6102484631,848.167470756807,764.383390745946,1741.65194328258,1539.49893926076,884.137248861849,791.819780894884,571.830854128605,570.054232025303,574.959171039299,633.170641226337,624.942204738127,647.562154172082,135,151.439,130.613,145.127,82.37,91.908,48.243,53.219,79.6298,72.9831,90.7041,90.5873,1727.09204944849,1784.80895820764,12.3462796719227,-8.42585836662126,1737.20713669297,1561.6102484631,848.167470756807,764.383390745946,571.830854128605,570.054232025303,574.959171039299,135,130.613,82.37,48.243,76.30645,90.6457,17.5595050382806,1.96021065265073,10.386069019272,3.03797377170256,1.84115791079526,2.04296726926413,36.9358333397135,23105.5762885547,20901.3587515762,23105.5762885547,12.3462796719227,8.42585836662126,3.03797377170256,2.75068335434713,1.84115791079526,2.04296726926413,2.46342610178787,1.94425420582557,36.9358333397135,36.6706401978956
"7","F08",7,"f",1965.44532089906,1760.5601825865,878.108367982563,822.558811495956,1984.14524386724,1769.39042769565,879.822460448129,857.019786494889,575.905915697508,574.624332763545,571.560028712967,615.213006373507,614.075932395598,630.026666782221,143.066,158.404,139.986,152.486,87.316,94.375,52.67,58.111,71.1796,69.8333,70.2814,61.7451,2334.77348794535,2278.71600329933,-9.86399855877829,-10.4490812784295,1965.44532089906,1760.5601825865,878.108367982563,822.558811495956,575.905915697508,574.624332763545,571.560028712967,143.066,139.986,87.316,52.67,70.50645,66.01325,23.0674474562234,-10.1565399186039,10.1565399186039,3.41278890757461,2.00494636741858,2.14034566037246,37.6251910905376,27595.4403257754,25817.664236461,27595.4403257754,9.86399855877829,10.4490812784295,3.41278890757461,3.22513539751569,2.00494636741858,2.14034566037246,2.88138703106797,2.06458527046645,37.6251910905376,38.1090723082775
"8","F09",8,"f",1936.53632531745,1671.53689271909,775.968472094711,697.045433834059,2002.23355033822,1698.79181612639,770.669388032248,732.420237859715,714.626538681217,709.96188401986,662.551208308859,694.770958179521,689.065905502236,664.404981463058,202.693,194.878,189.899,182.832,86.288,86.719,103.611,96.113,96.7385,99.8268,104.833,92.7556,2538.85079244125,2085.47924700629,13.7169088975541,-14.7596362829896,1936.53632531745,1671.53689271909,775.968472094711,697.045433834059,714.626538681217,709.96188401986,662.551208308859,202.693,189.899,86.288,103.611,98.28265,98.7943,23.1216501972377,-0.521363692717761,14.2382725902718,2.70985783552226,2.15412990711699,2.39803147913171,54.561108799941,19748.2500659508,21926.9011447668,19748.2500659508,13.7169088975541,14.7596362829896,2.70985783552226,2.88186131957011,2.15412990711699,2.39803147913171,2.46535462364547,2.31942227742179,54.561108799941,52.5690251159535
"9","F10",9,"f",1859.92926859599,1607.46302217936,794.302975611321,728.940144469142,1894.27247985104,1708.94206027589,798.358894649517,690.279647061313,729.364125954172,728.479741572476,651.281217484553,627.25536583684,626.621247975452,617.543623758144,185.442,165.446,177.026,159.621,86.863,81.377,90.163,78.244,74.7303,76.7522,74.7303,85.0279,2906.71604957021,2677.37885344874,11.0959776685623,-12.5901709261507,1859.92926859599,1607.46302217936,794.302975611321,728.940144469142,729.364125954172,728.479741572476,651.281217484553,185.442,177.026,86.863,90.163,75.74125,79.8791,27.9204745150947,-0.747096628794227,11.8430742973565,2.5500695776102,2.02374040074847,2.20520578318541,50.9320664761109,19541.4056928361,22479.9257486233,19541.4056928361,11.0959776685623,12.5901709261507,2.5500695776102,3.01993826282192,2.02374040074847,2.20520578318541,2.72723286322847,2.47572424821052,50.9320664761109,49.0186128391628
"10","F11",10,"f",1665.66046489703,1513.28832500486,812.752692356045,782.796741984835,1686.85131075059,1547.06353726665,827.442628339271,795.511833992432,545.592431972092,543.510726012197,541.36960526523,567.491735257711,565.088647460822,566.257143289202,117.333,122.809,112.998,118.635,76.788,80.762,36.21,37.873,68.7268,56.1687,76.2728,63.3737,1682.21256428038,1830.87468530614,-9.54684743502479,-4.98431108074292,1665.66046489703,1513.28832500486,812.752692356045,782.796741984835,545.592431972092,543.510726012197,541.36960526523,117.333,112.998,76.788,36.21,62.44775,69.82325,17.5654362479326,-7.26557925788386,7.26557925788386,3.05293909388801,1.86192963645321,1.93318168541148,32.044814952477,24552.8662836599,23985.0579051798,24552.8662836599,9.54684743502479,4.98431108074292,3.05293909388801,2.9724685064965,1.86192963645321,1.93318168541148,2.73773600694024,1.94473981550018,32.044814952477,31.9239684747334
"11","F12",11,"f",1834.27084255352,1640.75488133268,810.469290400321,735.017817905399,1776.90104889861,1614.85838756004,816.114277841652,753.589548579399,607.415702350242,606.504478788781,608.26830720251,597.653443705513,595.982408352795,613.353698903698,151.949,147.655,146.363,142.242,84.642,83.648,61.721,58.594,86.6666,71.6655,106.905,89.3453,1445.70072102928,1975.99701726159,-11.8731128585911,9.06274896619751,1834.27084255352,1640.75488133268,810.469290400321,735.017817905399,607.415702350242,606.504478788781,608.26830720251,151.949,146.363,84.642,61.721,79.16605,98.12515,17.1084886914544,-1.40518194619681,10.4679309123943,3.01979490397807,2.02445040270711,2.23226545175242,42.1698106761955,22987.7053889439,22197.2226035699,22987.7053889439,11.8731128585911,9.06274896619751,3.01979490397807,2.97312944083722,2.02445040270711,2.23226545175242,2.70957391514837,2.14288851352069,42.1698106761955,41.1931778237089
"12","F13",12,"f",1842.98597763982,1624.98191804094,789.971368012791,789.959507640238,1777.15955773757,1601.44955491455,798.167743143007,791.723850741406,686.956907890587,680.581163168867,680.984395102108,678.169877249217,673.214537274336,672.505583448997,183.029,171.322,174.109,162.267,91.616,91.942,82.493,70.325,92.0593,81.9149,98.6333,90.0397,1833.63952243371,2007.0937556411,-12.6060278249439,12.2366974395746,1842.98597763982,1624.98191804094,789.971368012791,789.959507640238,686.956907890587,680.581163168867,680.984395102108,183.029,174.109,91.616,82.493,86.9871,94.3365,19.203666390374,-0.184665192684653,12.4213626322592,2.68282618090122,2.05701368915262,2.05704457294915,47.3800894841737,19508.4534043444,19463.576042313,19508.4534043444,12.6060278249439,12.2366974395746,2.68282618090122,2.62052269992595,2.05701368915262,2.05704457294915,2.37881012106242,2.02273754089242,47.3800894841737,43.3390646280513
"13","F14",13,"f",1918.55056246245,1733.93722124534,772.770348386246,720.851849131833,1805.13932549956,1552.90972341859,792.063954155219,733.427200841517,483.656394619448,482.647817201715,491.48673288934,472.582183285782,469.460294150083,471.493710538791,123.008,110.474,119.643,105.679,67.754,66.61,51.889,39.069,65.2514,71.0981,90.9259,93.3655,1846.05176177736,1694.40917167332,10.0106471111657,-8.86112218954085,1918.55056246245,1733.93722124534,772.770348386246,720.851849131833,483.656394619448,482.647817201715,491.48673288934,123.008,119.643,67.754,51.889,68.17475,92.1457,17.7023046672534,0.574762460812402,9.43588465035326,3.9667635614991,2.24379367669356,2.405400254343,43.3698586628553,30765.1618625829,30834.2053242839,30765.1618625829,10.0106471111657,8.86112218954085,3.9667635614991,3.81973631115066,2.24379367669356,2.405400254343,3.30786169303199,2.11733314722554,43.3698586628553,36.9695019824185
"14","F15",14,"f",1876.78533359199,1622.69876048822,791.22523800622,753.58974883212,1846.70487345461,1628.97320671459,794.770223879204,755.026599587747,690.318782359517,689.331998377852,745.510699687668,692.186122504854,690.045847324576,753.829404605005,169.454,172.688,162.702,166.778,93.993,93.738,68.709,73.04,117.92,108.432,118.316,112.102,1777.30670534419,1967.22647366043,18.578856152513,16.2352518416482,1876.78533359199,1622.69876048822,791.22523800622,753.58974883212,690.318782359517,689.331998377852,745.510699687668,169.454,162.702,93.993,68.709,113.176,115.209,18.7226658950231,17.4070539970806,17.4070539970806,2.71872268515876,2.05086830215022,2.15329197750235,42.2299664417155,21648.9237279566,20448.253904238,21648.9237279566,18.578856152513,16.2352518416482,2.71872268515876,2.66793108589324,2.05086830215022,2.15329197750235,2.36067387845371,2.15750439468493,42.2299664417155,43.7947451102663
"15","F16",15,"f",1832.62703778865,1705.68567160688,790.761328453789,764.259982358049,1862.27424187094,1723.69229607984,794.494727747138,784.107483294814,716.977387595887,716.008524869152,718.334934518675,724.799538383327,721.301150014707,726.308302300012,180.759,184.543,177.118,179.439,93.595,95.315,83.523,84.124,82.2793,92.095,86.9864,83.571,3069.25580627445,2850.62744778385,-10.7823847776802,13.9091101310941,1832.62703778865,1705.68567160688,790.761328453789,764.259982358049,716.977387595887,716.008524869152,718.334934518675,180.759,177.118,93.595,83.523,87.18715,85.2787,29.5994162702915,1.56336267670692,12.3457474543871,2.55604579655388,2.15701705461758,2.23181340248138,47.1566977946905,18962.058399677,19327.2663798617,18962.058399677,10.7823847776802,13.9091101310941,2.55604579655388,2.56936455288695,2.15701705461758,2.23181340248138,2.38969852750782,2.19828573607906,47.1566977946905,46.8816700940152
"16","F17",16,"f",1819.14146891137,1624.39246580683,854.662660966302,822.963011534465,1786.92313194552,1605.60774325145,856.139660733575,817.640401079778,580.398342212057,576.48789334274,601.312381478663,552.488353701524,549.35417363756,581.239619940094,146.229,133.674,137.364,127.712,87.401,83.858,49.963,43.854,86.9734,83.579,81.6465,77.0707,2072.79581388524,1977.78170244298,11.8885957598043,11.5613069219277,1819.14146891137,1624.39246580683,854.662660966302,822.963011534465,580.398342212057,576.48789334274,601.312381478663,146.229,137.364,87.401,49.963,85.2762,79.3586,20.2528875816411,11.724951340866,11.724951340866,3.13429818213836,1.90062411755564,1.973834112882,36.3727031827844,24091.2879933097,25002.3042429999,24091.2879933097,11.8885957598043,11.5613069219277,3.13429818213836,3.23431818964801,1.90062411755564,1.973834112882,2.92271874921762,1.96370891302714,36.3727031827844,34.3381984465046
"17","F18",17,"f",2027.21668346455,1841.47800010779,840.569417790702,783.013587167737,1942.11015967941,1833.72846772389,847.300486868738,768.132346153079,782.859939633451,781.848247383804,760.232812086208,726.467150136129,725.220214854907,735.626056172423,221.423,200.751,215.847,196.293,104.263,102.178,111.584,94.115,105.9,95.7893,115.098,99.745,2384.47266608178,2342.19196064182,-14.7154866949211,13.6931840924036,2027.21668346455,1841.47800010779,840.569417790702,783.013587167737,782.859939633451,781.848247383804,760.232812086208,221.423,215.847,104.263,111.584,100.84465,107.4215,23.633323133618,-0.511151301258778,14.2043353936624,2.58950111103364,2.19075065203754,2.3517829451321,51.6958771722563,19039.4468383485,19215.1114524206,19039.4468383485,14.7154866949211,13.6931840924036,2.58950111103364,2.67336266934505,2.19075065203754,2.3517829451321,2.5285126230117,2.38725589009169,51.6958771722563,47.9461824924985
"18","F19",18,"f",1749.03519756522,1538.09247519159,812.241375839104,788.963573753991,1865.1255501172,1609.54236167676,831.133624739728,790.693458224026,703.999260993796,701.633558750169,688.332372967792,692.06421788539,689.097308844008,700.407815596802,163.691,165.538,157.679,157.612,92.341,93.596,65.338,64.016,90.5826,79.9665,90.5826,73.5127,2584.72717032535,2824.44837271071,-11.9432783081061,12.3710550742574,1749.03519756522,1538.09247519159,812.241375839104,788.963573753991,703.999260993796,701.633558750169,688.332372967792,163.691,157.679,92.341,65.338,85.27455,82.04765,27.0458777151803,0.213888383075656,12.1571666911818,2.48442760450658,1.89363965065512,1.94951012487579,41.4373505666576,19400.9609543566,22071.2465909956,19400.9609543566,11.9432783081061,12.3710550742574,2.48442760450658,2.6950180372222,1.89363965065512,1.94951012487579,2.33572579811237,2.03560854707455,41.4373505666576,40.6161967362891
"19","F20",19,"f",1989.92914185832,1691.90526765094,809.572604043022,751.156877711995,1974.90005870171,1761.9764947788,796.551124175342,729.186395753341,689.236120111279,685.617408593288,666.956213796618,716.994181597703,712.502342693107,701.597111261426,183.507,192.376,172.639,184.089,88.535,89.765,84.104,94.324,103.72,90.5431,96.1684,96.5223,2475.11535447924,2964.25288347744,15.2332275878275,-10.8446539147932,1989.92914185832,1691.90526765094,809.572604043022,751.156877711995,689.236120111279,685.617408593288,666.956213796618,183.507,172.639,88.535,84.104,97.13155,96.34535,27.1968411897834,2.19428683651715,13.0389407513104,2.88715156358469,2.0898746563329,2.25239935604989,48.7166862644014,22936.9840512109,21186.6555951741,22936.9840512109,15.2332275878275,10.8446539147932,2.88715156358469,2.75441573919187,2.0898746563329,2.25239935604989,2.47294133534903,2.41635952760537,48.7166862644014,51.2382597547925
"20","F21",20,"f",1573.98422713349,1433.62920738976,743.978504917985,736.991830575768,1703.73597750385,1496.26021428427,743.773027148067,724.070908302057,611.498473416809,607.673966549772,608.752435243312,591.20912342,587.777819301115,587.559464057821,135.736,132.695,130.869,126.268,76.996,74.785,53.873,51.483,91.2767,92.819,95.0179,102.181,1771.82577779701,1895.12270088646,-14.8726943883204,-15.5223506195963,1573.98422713349,1433.62920738976,743.978504917985,736.991830575768,611.498473416809,607.673966549772,608.752435243312,135.736,130.869,76.996,53.873,92.04785,98.59945,18.3347423934174,-15.1975225039584,15.1975225039584,2.57397899677279,1.92697665041788,1.94524436759327,41.16559307399,18930.5820879276,22988.5345538141,18930.5820879276,14.8726943883204,15.5223506195963,2.57397899677279,2.88178228314231,1.92697665041788,1.94524436759327,2.54562211289865,2.0664553666339,41.16559307399,40.7728007096018
"21","F22",21,"f",1928.23049322559,1756.77070863787,826.342751784028,797.430486622,1877.54675356647,1694.5057459699,826.678610683136,795.467166354823,797.937930374698,793.041653126432,802.168654678951,769.450822086169,767.151238305582,800.118022212695,209.177,202.562,202.495,194.069,104.199,101.11,98.296,92.959,79.2317,83.0927,90.2688,50.173,2786.58659825163,2799.66135504774,12.9444526131778,-12.7136649479015,1928.23049322559,1756.77070863787,826.342751784028,797.430486622,797.937930374698,793.041653126432,802.168654678951,209.177,202.495,104.199,98.296,81.1622,70.2209,27.9312397664969,0.115393832638135,12.8290587805397,2.41651689915295,2.12595887704599,2.20303930951993,48.5424331464975,18361.3068717993,18164.5796692311,18361.3068717993,12.9444526131778,12.7136649479015,2.41651689915295,2.44011273972778,2.12595887704599,2.20303930951993,2.20882879588721,2.13020199656368,48.5424331464975,47.899973720687
"22","F23",22,"f",1833.96561922245,1668.74683731625,812.952510979577,782.54809763808,1774.39185456032,1644.82364829942,827.989071697205,788.96525320883,651.523508354881,649.77432379006,656.01124180596,611.933294952408,609.614951506113,624.464337451126,171.33,154.199,166.58,151.44,92.568,88.864,74.012,62.576,100.884,92.5362,99.5284,94.39,2288.86561847908,2451.56411743545,-13.2569416155271,13.1145408163265,1833.96561922245,1668.74683731625,812.952510979577,782.54809763808,651.523508354881,649.77432379006,656.01124180596,171.33,166.58,92.568,74.012,96.7101,96.9592,23.7021486795727,-0.0712003996003068,13.1857412159268,2.81488786775059,2.05269903810922,2.13245274297252,44.4303037579541,20191.0787158723,20790.1905277998,20191.0787158723,13.2569416155271,13.1145408163265,2.81488786775059,2.89964914345495,2.05269903810922,2.13245274297252,2.69813534631282,2.08478591624877,44.4303037579541,41.3206550449023
"23","F24",23,"f",1852.20083033131,1642.94621963989,795.029104771014,744.884362936635,1931.47979454355,1689.35160248096,782.35614310236,717.056142796625,668.789010498173,665.037781279232,703.022382542094,652.253367461828,650.563891616907,699.103491518857,170.16,167.632,163.456,161.156,89.137,85.682,74.319,75.474,103.329,92.0846,113.275,101.954,1455.61141798697,1428.4889836267,-15.5013651774731,-16.8317095907438,1852.20083033131,1642.94621963989,795.029104771014,744.884362936635,668.789010498173,665.037781279232,703.022382542094,170.16,163.456,89.137,74.319,97.7068,107.6145,14.4205020080683,-16.1665373841084,16.1665373841084,2.76948454782717,2.06652336345987,2.20563929300748,45.4672817149569,20988.2042621868,23149.086579029,20988.2042621868,15.5013651774731,16.8317095907438,2.76948454782717,2.96124158325114,2.06652336345987,2.20563929300748,2.59674971858992,2.35595443878668,45.4672817149569,46.8328824244831
"24","F25",24,"f",1941.8517677104,1689.31411825776,829.855359595273,800.51263573909,2026.21445359888,1704.62077894176,835.093448123024,807.489619727344,673.167960005471,667.468539485543,638.600610421506,695.236215624764,690.777698741868,681.862778392297,175.728,185.066,164.39,171.479,86.719,92.68,77.671,78.799,82.3298,89.083,104.654,92.438,2222.45734291366,2020.81254556887,-11.249391960211,12.5410724592795,1941.8517677104,1689.31411825776,829.855359595273,800.51263573909,673.167960005471,667.468539485543,638.600610421506,175.728,164.39,86.719,77.671,85.7064,98.546,21.2163494424127,0.645840249534259,11.8952322097452,2.88464674951942,2.03567296243246,2.1102903849832,47.2480077863617,22938.0636763793,23941.96964044,22938.0636763793,11.249391960211,12.5410724592795,2.88464674951942,2.91442592900321,2.03567296243246,2.1102903849832,2.46768357178645,2.11101262145925,47.2480077863617,45.95256562028
"25","F26",25,"f",1712.90801464644,1558.29470499806,833.932887276908,829.012597944818,1725.05539016259,1631.12694298451,829.782059489116,814.331662562416,698.218793574199,696.432282850644,697.368928432493,718.6953896516,716.020350555746,781.769084985939,167.182,174.51,161.637,171.555,97.446,99.581,64.191,71.974,88.4819,77.1871,105.91,85.6897,1994.85575579044,2311.39090460846,-14.0912695884826,9.41283139435624,1712.90801464644,1558.29470499806,833.932887276908,829.012597944818,698.218793574199,696.432282850644,697.368928432493,167.182,161.637,97.446,64.191,82.8345,95.79985,21.5312333019945,-2.33921909706319,11.7520504914194,2.45325395192819,1.86860924754564,1.87969966784725,39.7130607472299,18152.1178111447,17346.134470747,18152.1178111447,14.0912695884826,9.41283139435624,2.45325395192819,2.40025943536223,1.86860924754564,1.87969966784725,2.27804550767097,2.003025324905,39.7130607472299,41.9538923377343
"26","F28",26,"f",1920.53931732339,1647.5273780669,789.356272012201,743.738596224461,1914.70937132349,1667.14946321708,798.913582493125,754.675955082305,607.241607376009,604.665725820716,640.153386412579,634.732027616194,633.936857838023,632.841967153168,152.139,155.241,144.867,148.363,82.796,87.191,62.071,61.172,77.1436,79.258,91.0041,102.074,1918.64972113624,1979.51821249854,-10.4451364818024,-12.4874743973531,1920.53931732339,1647.5273780669,789.356272012201,743.738596224461,607.241607376009,604.665725820716,640.153386412579,152.139,144.867,82.796,62.071,78.2008,96.53905,19.4908396681739,-11.4663054395778,11.4663054395778,3.16272681910312,2.08717842181336,2.21519682645282,42.8468871447604,25461.0868547357,24710.4195563179,25461.0868547357,10.4451364818024,12.4874743973531,3.16272681910312,3.01656334959872,2.08717842181336,2.21519682645282,2.62983519983792,2.20909312399553,42.8468871447604,41.2313043009376
"27","M01",27,"m",2020.45765227015,1745.0506655639,802.130940261626,753.632965941095,1732.41751782993,1614.5258349946,813.417481985727,770.252652280737,611.64635558111,610.27887864961,619.607227217147,497.415356505542,496.297009160961,494.47803877661,156.504,112.471,151.193,111.385,85.52,72.248,65.673,39.137,99.0367,87.1212,99.0367,87.1212,1869.50882118727,1435.14413179787,11.8487629211332,18.6267852561361,2020.45765227015,1745.0506655639,802.130940261626,753.632965941095,611.64635558111,610.27887864961,619.607227217147,156.504,151.193,85.52,65.673,93.07895,93.07895,16.5232647649257,15.2377740886347,15.2377740886347,3.30331021158552,2.17551845711715,2.31551795692055,43.4365347602072,27000.2521586118,26945.0146436594,27000.2521586118,11.8487629211332,18.6267852561361,3.30331021158552,3.48283882910363,2.17551845711715,2.31551795692055,3.25314439779541,2.0960990270062,43.4365347602072,35.1366880639224
"28","M02",28,"m",1989.4911491022,1734.59664611978,850.42139369609,824.79771345498,1983.34722551751,1728.78093058461,860.23832404747,835.488533407312,666.70084421761,665.146037436562,669.934695561289,676.071953179498,674.271517342999,674.861982956469,176.342,180.53,169.103,172.887,97.434,98.502,71.669,74.385,95.3495,72.7127,82.0602,81.5661,2406.57489736678,3528.76260758667,10.2669861096156,14.683205104905,1989.4911491022,1734.59664611978,850.42139369609,824.79771345498,666.70084421761,665.146037436562,669.934695561289,176.342,169.103,97.434,71.669,84.0311,81.81315,29.6766875247672,12.4750956072603,12.4750956072603,2.98408374064221,2.03969074505629,2.10305705001747,42.38186194213,23406.2969453883,22752.8166777606,23406.2969453883,10.2669861096156,14.683205104905,2.98408374064221,2.93363334507522,2.03969074505629,2.10305705001747,2.56392400704832,2.06918570567839,42.38186194213,43.0252130003991
"29","M03",29,"m",1901.46556258718,1729.53212670364,844.869971925266,774.892435039725,1840.72237903493,1673.6271042096,830.414728501368,780.378970161785,626.9744573005,623.53949101638,641.331179032859,636.557053820835,633.830343816064,664.058596162581,162.861,164.269,157.022,157.752,86.201,89.17,70.821,68.582,88.6064,93.2339,111.348,114.022,1587.52613280115,1472.34275302933,-12.5822044247536,12.3299169487939,1901.46556258718,1729.53212670364,844.869971925266,774.892435039725,626.9744573005,623.53949101638,641.331179032859,162.861,157.022,86.201,70.821,90.92015,112.685,15.2993444291524,-0.12614373797986,12.4560606867738,3.03276399930889,2.04709858815603,2.23196413914529,45.1025970883061,23025.8899116366,21478.389349612,23025.8899116366,12.5822044247536,12.3299169487939,3.03276399930889,2.89168483482553,2.04709858815603,2.23196413914529,2.64049697294909,2.14463378461189,45.1025970883061,43.4745676758456
"30","M04",30,"m",1950.12892272716,1813.72496495279,871.92574095963,841.722185661431,1928.90554964311,1744.96061155345,864.365429920703,840.364631383882,785.399724203905,781.451803956825,714.728179244761,718.608687865361,717.412778722023,704.97990517424,211.34,189.098,206.894,182.449,102.998,99.478,103.896,82.971,84.65,74.2108,93.8584,79.9839,2392.19429248306,2327.53950431952,-12.2107783740119,10.1791098004252,1950.12892272716,1813.72496495279,871.92574095963,841.722185661431,785.399724203905,781.451803956825,714.728179244761,211.34,206.894,102.998,103.896,79.4304,86.92115,23.5986689840129,-1.01583428679334,11.1949440872186,2.48297632737756,2.0801369655134,2.15477861442793,50.2170193432386,18381.4069777616,20392.9680044505,18381.4069777616,12.2107783740119,10.1791098004252,2.48297632737756,2.68422241786828,2.0801369655134,2.15477861442793,2.43229652901064,2.07643271311873,50.2170193432386,45.4762700809541
"31","M05",31,"m",1853.51542727785,1703.15825049465,819.32828196029,759.445314140977,1890.59366338222,1656.31087625633,814.245644513988,766.229968960357,624.827166438364,621.922513789441,619.2310258134,596.703786623217,593.405991083159,593.508911458481,177.533,162.759,169.172,154.137,86.206,83.184,82.966,70.953,81.826,74.0825,114.641,95.6333,1815.63217655014,1812.98473385362,-11.8877847512785,11.1136530701031,1853.51542727785,1703.15825049465,819.32828196029,759.445314140977,624.827166438364,621.922513789441,619.2310258134,177.533,169.172,86.206,82.966,77.95425,105.13715,18.1430845520188,-0.387065840587705,11.5007189106908,2.96644500565372,2.07872508247823,2.2426344843817,49.0423947225309,20307.8490480517,23189.399041249,20307.8490480517,11.8877847512785,11.1136530701031,2.96644500565372,3.16839561900756,2.07872508247823,2.2426344843817,2.79119338386359,2.16163677140383,49.0423947225309,46.0324256992156
"32","M06",32,"m",1921.52459688134,1683.27635841682,825.526749294655,806.78195547387,1892.88342993038,1707.92381962575,823.852895995397,801.390835884486,573.065571448718,571.276998666588,576.449292112608,558.658750708587,554.420620933688,561.674881936539,149.921,147.149,142.816,138.098,80.756,81.838,62.06,56.26,111.002,89.0114,102.706,89.4678,1329.86534195645,1543.96858179165,17.2090787882546,11.753472772408,1921.52459688134,1683.27635841682,825.526749294655,806.78195547387,573.065571448718,571.276998666588,576.449292112608,149.921,142.816,80.756,62.06,100.0067,96.0869,14.3691696187405,14.4812757803313,14.4812757803313,3.35306235903109,2.03903308990901,2.08640803998664,43.4545149002913,25853.2431689726,25945.3987697505,25853.2431689726,17.2090787882546,11.753472772408,3.35306235903109,3.38826417294905,2.03903308990901,2.08640803998664,3.08055608889415,2.13119958845141,43.4545149002913,40.7391852162957
"33","M07",33,"m",1743.84863705569,1488.53298267825,846.194668256069,791.495228875216,1789.66729990186,1569.02495276844,851.17145073481,787.594281970675,429.195192232747,428.493887007569,426.717695352231,470.071691643959,469.954784745644,473.122844743838,92.257,108.411,89.984,104.99,60.856,67.396,29.128,37.594,67.2002,69.2026,71.5783,81.0929,2024.47245365425,2649.5161821407,-10.0258403330001,9.69889700214433,1743.84863705569,1488.53298267825,846.194668256069,791.495228875216,429.195192232747,428.493887007569,426.717695352231,92.257,89.984,60.856,29.128,68.2014,76.3356,23.3699431789747,-0.163471665427903,9.86236866757223,4.06306656881196,1.75909047707188,1.88065945109181,32.3701991465149,33794.9865416185,30506.8010699876,33794.9865416185,10.0258403330001,9.69889700214433,4.06306656881196,3.80722202956519,1.75909047707188,1.88065945109181,3.33867215250856,1.9921741290992,32.3701991465149,35.8072197352129
"34","M08",34,"m",1767.68606784038,1508.11744842966,830.452252751475,794.853926869476,1805.67968785164,1591.59697158075,823.585531287431,779.448275788882,630.493111061098,627.965681363315,667.570081728265,650.845938349707,647.044441414193,692.256169060981,154.853,159.517,146.995,153.135,91.349,91.114,55.646,62.021,74.7681,67.078,76.4045,78.7233,2286.63657033916,2993.074343734,-10.8337583678674,9.32986536107711,1767.68606784038,1508.11744842966,830.452252751475,794.853926869476,630.493111061098,627.965681363315,667.570081728265,154.853,146.995,91.349,55.646,70.92305,77.5639,26.3985545703658,-0.751946503395138,10.0818118644723,2.80365643466814,1.81601945618539,1.8973516987824,37.85570937787,21257.2810941665,21291.53449649,21257.2810941665,10.8337583678674,9.32986536107711,2.80365643466814,2.77435807993232,1.81601945618539,1.8973516987824,2.45979544790172,2.04195329057581,37.85570937787,40.5008652496163
"35","M09",35,"m",1889.93217576848,1616.79482188588,835.388834869727,798.425761860474,1844.97726639707,1591.31887930515,829.327364946436,806.714483055468,641.609194313608,634.100530592899,656.501848482011,712.731000596281,708.215359863992,696.641916953657,163.108,178.731,150.719,168.149,88.026,94.78,62.693,73.369,81.1067,81.97,81.1067,90.7777,2185.77060628016,2394.43179994117,-11.7001630097662,12.6900331300121,1889.93217576848,1616.79482188588,835.388834869727,798.425761860474,641.609194313608,634.100530592899,656.501848482011,163.108,150.719,88.026,62.693,81.53835,85.9422,22.9010120311067,0.494935060122957,12.1950980698891,2.94561267593793,1.93537997444987,2.02497827489742,41.5959500792866,23698.6951147831,20243.6001018264,23698.6951147831,11.7001630097662,12.6900331300121,2.94561267593793,2.58860252304661,1.93537997444987,2.02497827489742,2.24694205956046,1.9725924261059,41.5959500792866,43.6333252056212
"36","M10",36,"m",2115.33145777252,1885.11626977144,846.748904013462,811.163688428643,2081.31651719891,1824.00630403297,842.733170907612,818.248015877331,754.59462791002,755.364703718422,690.202686314021,751.040591811048,747.705936072645,708.761726163751,223.442,218.736,215.297,208.753,95.576,97.513,119.721,111.24,82.1326,89.5268,122.758,129.493,2616.11959835408,2157.55185635184,-11.6751862170922,11.3428441110886,2115.33145777252,1885.11626977144,846.748904013462,811.163688428643,754.59462791002,755.364703718422,690.202686314021,223.442,215.297,95.576,119.721,85.8297,126.1255,23.8683572735296,-0.166171053001791,11.5090151640904,2.80326864190816,2.22629903721903,2.32396530646388,55.6073702838405,20783.5091814656,20751.2152867983,20783.5091814656,11.6751862170922,11.3428441110886,2.80326864190816,2.77124371158163,2.22629903721903,2.32396530646388,2.43947013930855,2.22916068067364,55.6073702838405,53.2878569409781
"37","M11",37,"m",1769.14140067915,1536.87948640647,867.028080615616,826.472286088843,1825.87722444254,1592.48511323058,839.051961964812,815.142956173223,510.012234922936,508.863231030889,512.308441512273,543.684633176137,541.270447524177,559.798034766738,124.598,137.687,116.444,129.292,74.949,78.07,41.495,51.222,76.4543,74.674,92.7047,91.4667,1482.86698757761,1836.25723322215,-10.5839609059195,10.6315669580569,1769.14140067915,1536.87948640647,867.028080615616,826.472286088843,510.012234922936,508.863231030889,512.308441512273,124.598,116.444,74.949,41.495,75.56415,92.0857,16.5956211039988,0.0238030260687045,10.6077639319882,3.46882149003048,1.7725832885542,1.85956566514713,35.6351550960118,26878.6824189911,25785.2584749095,26878.6824189911,10.5839609059195,10.6315669580569,3.46882149003048,3.35833884760729,1.7725832885542,1.85956566514713,2.94212462645015,1.95362678554774,35.6351550960118,39.6173003743464
"38","M12",38,"m",2166.05563147764,1868.98680349033,828.252455089026,736.682162822883,2133.27041785189,1869.36505057439,833.692823922576,771.112626819848,736.942114406567,736.857369347606,701.998864674759,713.159681493622,712.545867144691,667.535788085025,214.442,210.942,202.697,198.855,92.126,90.253,110.571,108.602,81.1401,73.0784,122.47,112.777,2137.26721436338,2339.86262184109,-11.5947556444698,10.295052406176,2166.05563147764,1868.98680349033,828.252455089026,736.682162822883,736.942114406567,736.857369347606,701.998864674759,214.442,202.697,92.126,110.571,77.10925,117.6235,22.3856491810223,-0.649851619146905,10.9449040253229,2.93924799401902,2.25654242496563,2.53703279081522,54.5498946703701,23146.8497247418,22885.2313277614,23146.8497247418,11.5947556444698,10.295052406176,2.93924799401902,2.99129419849427,2.25654242496563,2.53703279081522,2.62350135867786,2.42424385953043,54.5498946703701,54.6136632219456
"39","M13",39,"m",2018.41850300501,1748.08196263276,825.280201490984,778.817511187187,1865.20834538182,1686.92407641038,819.166951849256,783.797164002573,571.626187268167,568.848611612473,574.794561367401,619.931025780692,616.451237814351,624.668627727275,147.099,155.969,140.891,151.047,79.818,86.113,61.073,64.934,87.12,84.2677,90.4871,101.939,1874.3167971825,2054.38468124267,11.5749475194643,9.14134927264246,2018.41850300501,1748.08196263276,825.280201490984,778.817511187187,571.626187268167,568.848611612473,574.794561367401,147.099,140.891,79.818,61.073,85.69385,96.21305,19.6435073921258,10.3581483960534,10.3581483960534,3.53101125868839,2.11816781679071,2.24453345940832,43.3476943168833,28916.0645695822,23032.5804000212,28916.0645695822,11.5749475194643,9.14134927264246,3.53101125868839,3.00873527507827,2.11816781679071,2.24453345940832,2.7365085394125,2.15224570065533,43.3476943168833,42.9892682410111
"40","M14",40,"m",1983.38005856291,1829.80421981615,848.308292241093,815.421157923537,1975.13956543152,1749.6692291036,868.136772000818,852.30673515754,681.266852525037,678.839216882223,716.832078498329,701.680395830446,698.448027325341,708.47898339052,186.157,195.01,179.313,185.371,97.835,103.703,81.478,81.668,88.2687,73.3347,88.2687,79.4913,2405.11197612828,2872.53511749893,-12.2962596642753,11.1771958970295,1983.38005856291,1829.80421981615,848.308292241093,815.421157923537,681.266852525037,678.839216882223,716.832078498329,186.157,179.313,97.835,81.478,80.8017,83.88,26.388235468136,-0.559531883622904,11.7367277806524,2.91131155319202,2.15700381164742,2.24399894709101,45.4389809997044,21938.1553858616,21045.2352467916,21938.1553858616,12.2962596642753,11.1771958970295,2.91131155319202,2.81487066927945,2.15700381164742,2.24399894709101,2.50508149590435,2.05286331426232,45.4389809997044,44.0565136941593
