"","looker_id","looker_id_seq","looker_gender","width_left_px","width_left_mm","width_horiz_left_mm","sc_width_left_px","sc_width_left_mm","sc_width_horiz_left_mm","ir_width_left_px","ir_width_left_mm","ir_width_horiz_left_mm","ir_width_alt_left_px","ir_width_alt_left_mm","width_right_px","width_right_mm","width_horiz_right_mm","sc_width_right_px","sc_width_right_mm","sc_width_horiz_right_mm","ir_width_right_px","ir_width_right_mm","ir_width_horiz_right_mm","ir_width_alt_right_px","ir_width_alt_right_mm","height_left_px","height_left_mm","sc_height_left_px","sc_height_left_mm","ir_height_left_px","ir_height_left_mm","height_right_px","height_right_mm","sc_height_right_px","sc_height_right_mm","ir_height_right_px","ir_height_right_mm","complete_area_left","complete_area_right","eye_opening_area_left","eye_opening_area_right","iris_pupil_area_left","iris_pupil_area_right","sclera_area_left","sclera_area_right","hac_left","hac_right","hrc_left","hrc_right","ril_left","ril_right","luminance_slope_left","luminance_slope_right","width_px","width_mm","width_hor_mm","sc_width_px","sc_width_mm","sc_width_hor_mm","ir_width_px","ir_width_mm","ir_width_hor_mm","ir_width_alt_px","ir_width_alt_mm","height_px","height_mm","sc_height_px","sc_height_mm","ir_height_px","ir_height_mm","complete_area","eye_opening_area","iris_pupil_area","sclera_area","hac","hrc","ril","lum_slope","lum_slope_abs","whr_px","whr_mm","ssi_px","ssi_mm","ssi_alt_px","ssi_alt_mm","ssr","hei_left_px","hei_left_mm","hei_right_px","hei_right_mm","hei_px","hei_mm","iris_centroid_y_left_mm","iris_centroid_y_right_mm","luminance_slope_abs_left","luminance_slope_abs_right","whr_left_px","whr_left_mm","whr_right_px","whr_right_mm","ssi_left_px","ssi_left_mm","ssi_alt_left_px","ssi_alt_left_mm","ssi_right_px","ssi_right_mm","ssi_alt_right_px","ssi_alt_right_mm","ssr_left","ssr_right"
"1","F01",1,"f",1866.14679699026,27.0408730998095,27.039,1665.3978928112,24.1330015124518,24.141,842.728260573953,12.2120817635651,12.1,808.616198356097,11.72410728052,1784.88239087874,25.864767406648,25.75,1623.38243105098,23.523917892222,23.533,835.998683470853,12.1144045251923,12.129,795.945429780716,11.5285263561442,666.51205684192,9.65873705606364,663.609634434602,9.61676240616314,671.832400473348,9.72986897375323,651.393775138661,9.43966309573522,645.193008859925,9.34882001971482,643.160368712131,9.32572544969474,167.307,155.936,159.957,150.642,97.032,94.308,62.925,56.334,88.5514,111.337,96.873,85.717,2059.02503766411,1269.60353804655,-10.9712806026365,15.2145453551614,1866.14679699026,27.0408730998095,27.039,1665.3978928112,24.1330015124518,24.141,842.728260573953,12.2120817635651,12.1,808.616198356097,11.72410728052,666.51205684192,9.65873705606364,663.609634434602,9.61676240616314,671.832400473348,9.72986897375323,167.307,159.957,97.032,62.925,99.9442,91.295,16.6431428785533,2.12163237626243,13.092912978899,2.7998695264906,2.79962824775663,1.97619798780328,1.97615787215353,2.0595653366788,2.0584084514946,39.3386972748926,21771.5002651775,4.57128364497959,21148.1867558118,4.44090089749207,21771.5002651775,4.57128364497959,43.391,41.089,10.9712806026365,15.2145453551614,2.7998695264906,2.79962824775663,2.74009740191145,2.74000958978436,1.97619798780328,1.97615787215353,2.0595653366788,2.0584084514946,2.51611906632334,2.51624460013292,2.03956498814024,2.0404965184197,39.3386972748926,37.3959453538854
"2","F02",2,"f",1994.67286566018,28.4779071738076,28.339,1768.83491247374,25.2528353457587,25.241,796.434709008215,11.3704793654445,11.279,771.982641675281,11.0177081349518,2022.12919354155,28.8699489608139,28.768,1734.10596337854,24.7572123026806,24.77,786.153317394261,11.2238058162105,11.179,777.789176099279,11.1021072277393,652.788896290517,9.3196400322279,650.309962528848,9.28449866539469,656.589548140821,9.36929195518268,612.171739123593,8.7408560047196,606.803990850036,8.66404856844422,651.506003970328,9.30228932251464,164.01,154.961,158.987,149.154,86.739,82.827,72.248,66.327,119.404,112.806,90.3153,88.6866,1202.56988344164,1590.61598443452,-16.1748012083283,-18.2033241891238,1994.67286566018,28.4779071738076,28.339,1768.83491247374,25.2528353457587,25.241,796.434709008215,11.3704793654445,11.279,771.982641675281,11.0177081349518,652.788896290517,9.3196400322279,650.309962528848,9.28449866539469,656.589548140821,9.36929195518268,164.01,158.987,86.739,72.248,116.105,89.50095,13.9659293393808,-17.189062698726,17.189062698726,3.0556170256494,3.05568745952946,2.22094151908126,2.22091211233392,2.29128845259421,2.29202253648818,45.4427091523206,25025.4413316875,5.10099062816457,27414.6618620553,5.58800939297639,25025.4413316875,5.10099062816457,57.209,57.776,16.1748012083283,18.2033241891238,3.0556170256494,3.05568745952946,3.30320572530268,3.30287433464476,2.22094151908126,2.22091211233392,2.29128845259421,2.29202253648818,2.85776954259864,2.85746462604678,2.22953213629858,2.22995615110105,45.4427091523206,44.4688040548695
"3","F03",3,"f",1800.44135733714,25.7040460822805,25.555,1601.32082213184,22.861803297203,22.843,807.841363279326,11.5339607247467,11.464,765.194041784963,10.9167770340271,1751.42025475469,25.0052860411554,24.67,1501.19103402365,21.4315804596861,21.344,801.892118525303,11.4491868706909,11.464,756.874126040127,10.7860697234625,673.900205348674,9.62090638870359,671.942036035455,9.59388266628776,662.187661544571,9.4456454234447,684.260872045514,9.77116514365606,678.127926374517,9.6816339816006,658.380872578503,9.40135769814214,160.4,166.328,154.77,152.625,84.761,85.487,70.009,67.138,89.4784,90.4982,99.5116,98.8448,2557.72482552177,2452.48935196035,-12.9725842696629,18.6428939290938,1800.44135733714,25.7040460822805,25.555,1601.32082213184,22.861803297203,22.843,807.841363279326,11.5339607247467,11.464,765.194041784963,10.9167770340271,673.900205348674,9.62090638870359,671.942036035455,9.59388266628776,662.187661544571,9.4456454234447,160.4,154.77,84.761,70.009,89.9883,99.1782,25.0510708874106,2.83515482971543,15.8077390993784,2.67167355499706,2.67168653802317,1.98222187538342,1.98212945602908,2.09269902101753,2.09418981682448,45.2342185178006,20944.5569633004,4.26890214511856,20098.1025963309,4.09673598689599,20944.5569633004,4.26890214511856,59.991,59.736,12.9725842696629,18.6428939290938,2.67167355499706,2.67168653802317,2.5595797250821,2.55908949173683,1.98222187538342,1.98212945602908,2.09269902101753,2.09418981682448,2.21372837725396,2.21363258520366,1.98340910644905,1.98696847036571,45.2342185178006,43.9888615888616
"4","F04",4,"f",1842.32675434218,26.3202611309235,26.273,1630.93912927276,23.2996348683837,23.315,828.891648094611,11.8426905726697,11.829,795.575192559299,11.3796923779271,1836.77629595577,26.241379536907,26.073,1556.35819433863,22.2351852701973,22.23,844.313129980815,12.062168503217,11.886,800.393266778475,11.4280040543887,575.724758302854,8.22517529948918,576.318893323329,8.23314352730979,585.03344676812,8.35597931855548,588.266506588083,8.4038882967311,586.019526042798,8.37248331448268,606.120197362517,8.67373814008823,141.974,143.41,134.267,134.332,81.6,83.096,52.667,51.236,88.0238,79.7829,101.062,94.2317,1616.97256443662,1776.21352618363,13.5414980847038,-13.2334090795999,1842.32675434218,26.3202611309235,26.273,1630.93912927276,23.2996348683837,23.315,828.891648094611,11.8426905726697,11.829,795.575192559299,11.3796923779271,575.724758302854,8.22517529948918,576.318893323329,8.23314352730979,585.03344676812,8.35597931855548,141.974,134.267,81.6,52.667,83.90335,97.64685,16.9659304531013,0.154044502551929,13.3874535821519,3.20001307529847,3.19996354759248,1.96761438364331,1.96742747987979,2.05001255007232,2.04747493118333,39.2255729255886,25279.2411371744,5.15954140630237,25114.9924171828,5.12617991245571,25279.2411371744,5.15954140630237,57.483,56.445,13.5414980847038,13.2334090795999,3.20001307529847,3.19996354759248,3.1223540272741,3.12252835953498,1.96761438364331,1.96742747987979,2.05001255007232,2.04747493118333,2.65581286147275,2.65574554585675,1.94449186285994,1.94567530466166,39.2255729255886,38.1413215019504
"5","F05",5,"f",1815.23932235532,25.8374604982765,25.805,1600.48084219868,22.7811153809466,22.788,819.3980139035,11.6637037428083,11.572,793.41361777803,11.2933456959669,1853.26838971505,26.3785359146409,26.261,1651.82583133513,23.5106553715544,23.514,820.383503394601,11.6774217188556,11.6,802.445326766782,11.431110677088,656.959019882742,9.35101922947841,652.587672304155,9.28892556321404,727.07583723468,10.3290025997945,677.560297384507,9.64448409308195,676.806045257111,9.63295802437358,726.426548492827,10.3252841270527,155.576,162.235,149.616,156.94,91.646,93.839,57.97,63.101,92.5617,86.5737,105.672,104.294,1636.76431125194,1642.85217834513,13.1110937986912,12.1163438392207,1815.23932235532,25.8374604982765,25.805,1600.48084219868,22.7811153809466,22.788,819.3980139035,11.6637037428083,11.572,793.41361777803,11.2933456959669,656.959019882742,9.35101922947841,652.587672304155,9.28892556321404,727.07583723468,10.3290025997945,155.576,149.616,91.646,57.97,89.5677,104.983,16.3980824479854,12.613718818956,12.613718818956,2.76309368989152,2.76306356175868,1.95323983588172,1.95316306751988,2.01720868704127,2.01721580072432,38.7458560581756,22023.67258465,4.46191827745696,21884.8204684402,4.43371452147317,22023.67258465,4.46191827745696,56.094,54.281,13.1110937986912,12.1163438392207,2.76309368989152,2.76306356175868,2.7352080646829,2.73509040608635,1.95323983588172,1.95316306751988,2.01720868704127,2.01721580072432,2.44061920384831,2.44064754689755,2.05849018772491,2.05672537303642,38.7458560581756,40.2070855103861
"6","F07",6,"f",1737.20713669297,24.9535997002437,24.98,1561.6102484631,22.4321697791364,22.394,848.167470756807,12.1840763704107,12.023,764.383390745946,10.9805331282174,1741.65194328258,25.0178493480155,24.894,1539.49893926076,22.1144181926634,22.121,884.137248861849,12.700525067886,12.483,791.819780894884,11.3608948955412,571.830854128605,8.21566964868648,570.054232025303,8.18828307097023,574.959171039299,8.26183351490987,633.170641226337,9.09661434174132,624.942204738127,8.97623110335338,647.562154172082,9.30671991173324,135,151.439,130.613,145.127,82.37,91.908,48.243,53.219,79.6298,72.9831,90.7041,90.5873,1727.09204944849,1784.80895820764,12.3462796719227,-8.42585836662126,1737.20713669297,24.9535997002437,24.98,1561.6102484631,22.4321697791364,22.394,848.167470756807,12.1840763704107,12.023,764.383390745946,10.9805331282174,571.830854128605,8.21566964868648,570.054232025303,8.18828307097023,574.959171039299,8.26183351490987,135,130.613,82.37,48.243,76.30645,90.6457,17.5595050382806,1.96021065265073,10.386069019272,3.03797377170256,3.03731780454844,1.84115791079526,1.84110548039681,2.04296726926413,2.04290352000222,36.9358333397135,23105.5762885547,4.76738255763209,20901.3587515762,4.3127246205048,23105.5762885547,4.76738255763209,56.438,53.597,12.3462796719227,8.42585836662126,3.03797377170256,3.03731780454844,2.75068335434713,2.75023744089237,1.84115791079526,1.84110548039681,2.04296726926413,2.04290352000222,2.46342610178787,2.46366408552046,1.94425420582557,1.94653840177173,36.9358333397135,36.6706401978956
"7","F08",7,"f",1965.44532089906,28.3087309853338,28.317,1760.5601825865,25.3577574915449,25.364,878.108367982563,12.6480006325111,12.66,822.558811495956,11.8582958336688,1984.14524386724,28.5784029819722,28.432,1769.39042769565,25.4852258573472,25.465,879.822460448129,12.6729133588138,12.66,857.019786494889,12.3484992750894,575.905915697508,8.29477421133195,574.624332763545,8.27715931739054,571.560028712967,8.23346723224015,615.213006373507,8.86169840416109,614.075932395598,8.84491224204493,630.026666782221,9.07918081042119,143.066,158.404,139.986,152.486,87.316,94.375,52.67,58.111,71.1796,69.8333,70.2814,61.7451,2334.77348794535,2278.71600329933,-9.86399855877829,-10.4490812784295,1965.44532089906,28.3087309853338,28.317,1760.5601825865,25.3577574915449,25.364,878.108367982563,12.6480006325111,12.66,822.558811495956,11.8582958336688,575.905915697508,8.29477421133195,574.624332763545,8.27715931739054,571.560028712967,8.23346723224015,143.066,139.986,87.316,52.67,70.50645,66.01325,23.0674474562234,-10.1565399186039,10.1565399186039,3.41278890757461,3.41283924843424,2.00494636741858,2.0048826868623,2.14034566037246,2.13839811784317,37.6251910905376,27595.4403257754,5.7247456888546,25817.664236461,5.35606624214682,27595.4403257754,5.7247456888546,54.926,53.761,9.86399855877829,10.4490812784295,3.41278890757461,3.41283924843424,3.22513539751569,3.22493518494751,2.00494636741858,2.0048826868623,2.14034566037246,2.13839811784317,2.88138703106797,2.88134298678526,2.06458527046645,2.06383183005554,37.6251910905376,38.1090723082775
"8","F09",8,"f",1936.53632531745,27.9860508825379,27.979,1671.53689271909,24.1571539921407,24.149,775.968472094711,11.2149374050861,11.229,697.045433834059,10.0738091400179,2002.23355033822,28.9355834397719,28.875,1698.79181612639,24.5513392710051,24.554,770.669388032248,11.1380479887636,11.157,732.420237859715,10.5848820399658,714.626538681217,10.3259919369741,709.96188401986,10.2605972725651,662.551208308859,9.57331853677611,694.770958179521,10.0406374390331,689.065905502236,9.95856148617093,664.404981463058,9.60466467471021,202.693,194.878,189.899,182.832,86.288,86.719,103.611,96.113,96.7385,99.8268,104.833,92.7556,2538.85079244125,2085.47924700629,13.7169088975541,-14.7596362829896,1936.53632531745,27.9860508825379,27.979,1671.53689271909,24.1571539921407,24.149,775.968472094711,11.2149374050861,11.229,697.045433834059,10.0738091400179,714.626538681217,10.3259919369741,709.96188401986,10.2605972725651,662.551208308859,9.57331853677611,202.693,189.899,86.288,103.611,98.28265,98.7943,23.1216501972377,-0.521363692717761,14.2382725902718,2.70985783552226,2.71025302492527,2.15412990711699,2.15401594494724,2.39803147913171,2.398015850447,54.561108799941,19748.2500659508,4.12439793785117,21926.9011447668,4.57943898770456,19748.2500659508,4.12439793785117,57.039,57.297,13.7169088975541,14.7596362829896,2.70985783552226,2.71025302492527,2.88186131957011,2.88184725476537,2.15412990711699,2.15401594494724,2.39803147913171,2.398015850447,2.46535462364547,2.46534997098714,2.31942227742179,2.31947216589714,54.561108799941,52.5690251159535
"9","F10",9,"f",1859.92926859599,26.9960306156294,26.954,1607.46302217936,23.3323579819957,23.34,794.302975611321,11.5300647873288,11.496,728.940144469142,10.5932068463422,1894.27247985104,27.4952843229526,27.39,1708.94206027589,24.8048633336288,24.777,798.358894649517,11.5883324943669,11.51,690.279647061313,10.019093388261,729.364125954172,10.5868604746685,728.479741572476,10.5734280545152,651.281217484553,9.45233887549073,627.25536583684,9.10443291206467,626.621247975452,9.09539524671854,617.543623758144,8.96157834495896,185.442,165.446,177.026,159.621,86.863,81.377,90.163,78.244,74.7303,76.7522,74.7303,85.0279,2906.71604957021,2677.37885344874,11.0959776685623,-12.5901709261507,1859.92926859599,26.9960306156294,26.954,1607.46302217936,23.3323579819957,23.34,794.302975611321,11.5300647873288,11.496,728.940144469142,10.5932068463422,729.364125954172,10.5868604746685,728.479741572476,10.5734280545152,651.281217484553,9.45233887549073,185.442,177.026,86.863,90.163,75.74125,79.8791,27.9204745150947,-0.747096628794227,11.8430742973565,2.5500695776102,2.54995621036317,2.02374040074847,2.02361031029394,2.20520578318541,2.2025773989349,50.9320664761109,19541.4056928361,4.11682842633286,22479.9257486233,4.73616040495925,19541.4056928361,4.11682842633286,60.849,58.515,11.0959776685623,12.5901709261507,2.5500695776102,2.54995621036317,3.01993826282192,3.01998867897828,2.02374040074847,2.02361031029394,2.20520578318541,2.2025773989349,2.72723286322847,2.72718916119428,2.47572424821052,2.47575927006446,50.9320664761109,49.0186128391628
"10","F11",10,"f",1665.66046489703,24.1261470193647,24.132,1513.28832500486,21.9198234710045,21.915,812.752692356045,11.7729460204318,11.704,782.796741984835,11.3387011845234,1686.85131075059,24.4338944910548,24.363,1547.06353726665,22.4089948458203,22.422,827.442628339271,11.9858108194648,11.993,795.511833992432,11.5311872430636,545.592431972092,7.90253770158037,543.510726012197,7.87220166466803,541.36960526523,7.84210215023144,567.491735257711,8.21958619937375,565.088647460822,8.18532097130493,566.257143289202,8.20324319269515,117.333,122.809,112.998,118.635,76.788,80.762,36.21,37.873,68.7268,56.1687,76.2728,63.3737,1682.21256428038,1830.87468530614,-9.54684743502479,-4.98431108074292,1665.66046489703,24.1261470193647,24.132,1513.28832500486,21.9198234710045,21.915,812.752692356045,11.7729460204318,11.704,782.796741984835,11.3387011845234,545.592431972092,7.90253770158037,543.510726012197,7.87220166466803,541.36960526523,7.84210215023144,117.333,112.998,76.788,36.21,62.44775,69.82325,17.5654362479326,-7.26557925788386,7.26557925788386,3.05293909388801,3.05296196366641,1.86192963645321,1.86188091179243,1.93318168541148,1.93318644827889,32.044814952477,24552.8662836599,5.15116170197703,23985.0579051798,5.03236987398322,24552.8662836599,5.15116170197703,63.448,63.182,9.54684743502479,4.98431108074292,3.05293909388801,3.05296196366641,2.9724685064965,2.97264289203713,1.86192963645321,1.86188091179243,1.93318168541148,1.93318644827889,2.73773600694024,2.73770508503929,1.94473981550018,1.94333804260269,32.044814952477,31.9239684747334
"11","F12",11,"f",1834.27084255352,26.5649352530737,26.576,1640.75488133268,23.7631011654624,23.766,810.469290400321,11.738415054853,11.746,735.017817905399,10.6530228528549,1776.90104889861,25.7340630488075,25.678,1614.85838756004,23.3869518535443,23.404,816.114277841652,11.819608326844,11.688,753.589548579399,10.9131939593797,607.415702350242,8.79794841551571,606.504478788781,8.78330464165989,608.26830720251,8.80834281281913,597.653443705513,8.65591185402408,595.982408352795,8.63193563454878,613.353698903698,8.87868795222287,151.949,147.655,146.363,142.242,84.642,83.648,61.721,58.594,86.6666,71.6655,106.905,89.3453,1445.70072102928,1975.99701726159,-11.8731128585911,9.06274896619751,1834.27084255352,26.5649352530737,26.576,1640.75488133268,23.7631011654624,23.766,810.469290400321,11.738415054853,11.746,735.017817905399,10.6530228528549,607.415702350242,8.79794841551571,606.504478788781,8.78330464165989,608.26830720251,8.80834281281913,151.949,146.363,84.642,61.721,79.16605,98.12515,17.1084886914544,-1.40518194619681,10.4679309123943,3.01979490397807,3.01944657986683,2.02445040270711,2.02438753906883,2.23226545175242,2.23064396779117,42.1698106761955,22987.7053889439,4.82154496013337,22197.2226035699,4.65574163046076,22987.7053889439,4.82154496013337,62.324,60.67,11.8731128585911,9.06274896619751,3.01979490397807,3.01944657986683,2.97312944083722,2.9730042868729,2.02445040270711,2.02438753906883,2.23226545175242,2.23064396779117,2.70957391514837,2.70935197430568,2.14288851352069,2.14299791065691,42.1698106761955,41.1931778237089
"12","F13",12,"f",1842.98597763982,26.7038171241491,26.516,1624.98191804094,23.5453105309741,23.531,789.971368012791,11.4466982138956,11.461,789.959507640238,11.44574122871,1777.15955773757,25.7503375706028,25.444,1601.44955491455,23.2049853479807,23.154,798.167743143007,11.5656190928112,11.577,791.723850741406,11.4684175813747,686.956907890587,9.95383143434024,680.581163168867,9.8629273985423,680.984395102108,9.86734381958179,678.169877249217,9.82639859901321,673.214537274336,9.75604858817975,672.505583448997,9.73867796305567,183.029,171.322,174.109,162.267,91.616,91.942,82.493,70.325,92.0593,81.9149,98.6333,90.0397,1833.63952243371,2007.0937556411,-12.6060278249439,12.2366974395746,1842.98597763982,26.7038171241491,26.516,1624.98191804094,23.5453105309741,23.531,789.971368012791,11.4466982138956,11.461,789.959507640238,11.44574122871,686.956907890587,9.95383143434024,680.581163168867,9.8629273985423,680.984395102108,9.86734381958179,183.029,174.109,91.616,82.493,86.9871,94.3365,19.203666390374,-0.184665192684653,12.4213626322592,2.68282618090122,2.68276766592834,2.05701368915262,2.0569521525772,2.05704457294915,2.0571241355618,47.3800894841737,19508.4534043444,4.09567483013515,19463.576042313,4.08635079837552,19508.4534043444,4.09567483013515,66.028,63.978,12.6060278249439,12.2366974395746,2.68282618090122,2.68276766592834,2.62052269992595,2.62052646360069,2.05701368915262,2.0569521525772,2.05704457294915,2.0571241355618,2.37881012106242,2.37852293766715,2.02273754089242,2.02338162029143,47.3800894841737,43.3390646280513
"13","F14",13,"f",1918.55056246245,28.0390289596484,27.987,1733.93722124534,25.3411255669514,25.342,772.770348386246,11.2941273677961,11.195,720.851849131833,10.5248049716745,1805.13932549956,26.3820846977641,26.029,1552.90972341859,22.6956430400198,22.624,792.063954155219,11.5759896769131,11.546,733.427200841517,10.7054790141097,483.656394619448,7.06814891117518,482.647817201715,7.05393197958731,491.48673288934,7.17745735477631,472.582183285782,6.90709528851645,469.460294150083,6.86094514322922,471.493710538791,6.88835136556881,123.008,110.474,119.643,105.679,67.754,66.61,51.889,39.069,65.2514,71.0981,90.9259,93.3655,1846.05176177736,1694.40917167332,10.0106471111657,-8.86112218954085,1918.55056246245,28.0390289596484,27.987,1733.93722124534,25.3411255669514,25.342,772.770348386246,11.2941273677961,11.195,720.851849131833,10.5248049716745,483.656394619448,7.06814891117518,482.647817201715,7.05393197958731,491.48673288934,7.17745735477631,123.008,119.643,67.754,51.889,68.17475,92.1457,17.7023046672534,0.574762460812402,9.43588465035326,3.9667635614991,3.96695504183803,2.24379367669356,2.24374356173889,2.405400254343,2.40775250801817,43.3698586628553,30765.1618625829,6.57110858972109,30834.2053242839,6.58611827326148,30765.1618625829,6.57110858972109,61.955,58.798,10.0106471111657,8.86112218954085,3.9667635614991,3.96695504183803,3.81973631115066,3.81956286915953,2.24379367669356,2.24374356173889,2.405400254343,2.40775250801817,3.30786169303199,3.30794701986755,2.11733314722554,2.12000257159041,43.3698586628553,36.9695019824185
"14","F15",14,"f",1876.78533359199,27.0730357551568,27.09,1622.69876048822,23.4078197617805,23.412,791.22523800622,11.4140648762831,11.425,753.58974883212,10.8715192613391,1846.70487345461,26.6394279593237,26.643,1628.97320671459,23.4986689197495,23.484,794.770223879204,11.4654790131071,11.223,755.026599587747,10.8977182483593,690.318782359517,9.95777531622448,689.331998377852,9.94532772661052,745.510699687668,10.7916477033202,692.186122504854,9.98546415646986,690.045847324576,9.95512700832884,753.829404605005,10.874252146307,169.454,172.688,162.702,166.778,93.993,93.738,68.709,73.04,117.92,108.432,118.316,112.102,1777.30670534419,1967.22647366043,18.578856152513,16.2352518416482,1876.78533359199,27.0730357551568,27.09,1622.69876048822,23.4078197617805,23.412,791.22523800622,11.4140648762831,11.425,753.58974883212,10.8715192613391,690.318782359517,9.95777531622448,689.331998377852,9.94532772661052,745.510699687668,10.7916477033202,169.454,162.702,93.993,68.709,113.176,115.209,18.7226658950231,17.4070539970806,17.4070539970806,2.71872268515876,2.71878355309403,2.05086830215022,2.05078734136326,2.15329197750235,2.15313234508285,42.2299664417155,21648.9237279566,4.50485713144276,20448.253904238,4.25511231697226,21648.9237279566,4.50485713144276,56.938,56.363,18.578856152513,16.2352518416482,2.71872268515876,2.71878355309403,2.66793108589324,2.66782069835615,2.05086830215022,2.05078734136326,2.15329197750235,2.15313234508285,2.36067387845371,2.36045897757905,2.15750439468493,2.15629257283168,42.2299664417155,43.7947451102663
"15","F16",15,"f",1832.62703778865,26.4076925534966,26.384,1705.68567160688,24.5779746928017,24.597,790.761328453789,11.3946040738588,11.369,764.259982358049,11.0125350459229,1862.27424187094,26.8344534507413,26.571,1723.69229607984,24.8372335013383,24.755,794.494727747138,11.4486929384974,11.427,784.107483294814,11.298739134938,716.977387595887,10.3317029656483,716.008524869152,10.3174737439733,718.334934518675,10.3406871054164,724.799538383327,10.4444773725654,721.301150014707,10.3941095558886,726.308302300012,10.4561809132426,180.759,184.543,177.118,179.439,93.595,95.315,83.523,84.124,82.2793,92.095,86.9864,83.571,3069.25580627445,2850.62744778385,-10.7823847776802,13.9091101310941,1832.62703778865,26.4076925534966,26.384,1705.68567160688,24.5779746928017,24.597,790.761328453789,11.3946040738588,11.369,764.259982358049,11.0125350459229,716.977387595887,10.3317029656483,716.008524869152,10.3174737439733,718.334934518675,10.3406871054164,180.759,177.118,93.595,83.523,87.18715,85.2787,29.5994162702915,1.56336267670692,12.3457474543871,2.55604579655388,2.55598642753272,2.15701705461758,2.15698365063757,2.23181340248138,2.23181806825678,47.1566977946905,18962.058399677,3.93729731591368,19327.2663798617,4.01299545806653,18962.058399677,3.93729731591368,62.599,59.872,10.7823847776802,13.9091101310941,2.55604579655388,2.55598642753272,2.56936455288695,2.56924808140496,2.15701705461758,2.15698365063757,2.23181340248138,2.23181806825678,2.38969852750782,2.38954894286901,2.19828573607906,2.19823054632145,47.1566977946905,46.8816700940152
"16","F17",16,"f",1819.14146891137,26.2490656024172,26.143,1624.39246580683,23.4396640334285,23.328,854.662660966302,12.3321713011132,12.08,822.963011534465,11.8747699591278,1786.92313194552,25.7842607999531,25.64,1605.60774325145,23.167837577124,23.084,856.139660733575,12.3538141883388,12.167,817.640401079778,11.7979114336205,580.398342212057,8.37553901085393,576.48789334274,8.31896845483472,601.312381478663,8.6774459336332,552.488353701524,7.97189919571351,549.35417363756,7.92707857683488,581.239619940094,8.38720424742593,146.229,133.674,137.364,127.712,87.401,83.858,49.963,43.854,86.9734,83.579,81.6465,77.0707,2072.79581388524,1977.78170244298,11.8885957598043,11.5613069219277,1819.14146891137,26.2490656024172,26.143,1624.39246580683,23.4396640334285,23.328,854.662660966302,12.3321713011132,12.08,822.963011534465,11.8747699591278,580.398342212057,8.37553901085393,576.48789334274,8.31896845483472,601.312381478663,8.6774459336332,146.229,137.364,87.401,49.963,85.2762,79.3586,20.2528875816411,11.724951340866,11.724951340866,3.13429818213836,3.13401508468897,1.90062411755564,1.9006923810175,1.973834112882,1.97390468313123,36.3727031827844,24091.2879933097,5.01596812119624,25002.3042429999,5.20568235561263,24091.2879933097,5.01596812119624,58.188,57.018,11.8885957598043,11.5613069219277,3.13429818213836,3.13401508468897,3.23431818964801,3.23439373315424,1.90062411755564,1.9006923810175,1.973834112882,1.97390468313123,2.92271874921762,2.92261989742689,1.96370891302714,1.9637236393471,36.3727031827844,34.3381984465046
"17","F18",17,"f",2027.21668346455,29.1190457604641,29.088,1841.47800010779,26.4524191143268,26.474,840.569417790702,12.0746511336767,12.066,783.013587167737,11.2539083517725,1942.11015967941,27.8973925842542,27.91,1833.72846772389,26.3394588023368,26.316,847.300486868738,12.171327372148,12.152,768.132346153079,11.0338190390173,782.859939633451,11.2450093137916,781.848247383804,11.2307398432929,760.232812086208,10.9205130400798,726.467150136129,10.435294785557,725.220214854907,10.4179081537968,735.626056172423,10.5499378835047,221.423,200.751,215.847,196.293,104.263,102.178,111.584,94.115,105.9,95.7893,115.098,99.745,2384.47266608178,2342.19196064182,-14.7154866949211,13.6931840924036,2027.21668346455,29.1190457604641,29.088,1841.47800010779,26.4524191143268,26.474,840.569417790702,12.0746511336767,12.066,783.013587167737,11.2539083517725,782.859939633451,11.2450093137916,781.848247383804,11.2307398432929,760.232812086208,10.9205130400798,221.423,215.847,104.263,111.584,100.84465,107.4215,23.633323133618,-0.511151301258778,14.2043353936624,2.58950111103364,2.58950837192733,2.19075065203754,2.19073982523188,2.3517829451321,2.35050955521247,51.6958771722563,19039.4468383485,3.92833268935867,19215.1114524206,3.96481032436205,19039.4468383485,3.92833268935867,56.266,57.68,14.7154866949211,13.6931840924036,2.58950111103364,2.58950837192733,2.67336266934505,2.67336890404529,2.19075065203754,2.19073982523188,2.3517829451321,2.35050955521247,2.5285126230117,2.52828671682401,2.38725589009169,2.38715704047679,51.6958771722563,47.9461824924985
"18","F19",18,"f",1749.03519756522,25.1244884724048,25.037,1538.09247519159,22.0940000226306,22.107,812.241375839104,11.668078033678,11.664,788.963573753991,11.3411867888357,1865.1255501172,26.7919312107209,26.79,1609.54236167676,23.1205375802554,23.112,831.133624739728,11.9392110710884,11.865,790.693458224026,11.3577005644181,703.999260993796,10.113058489432,701.633558750169,10.0798433909125,688.332372967792,9.8872616990937,692.06421788539,9.94146117228907,689.097308844008,9.89878703240811,700.407815596802,10.0576309764182,163.691,165.538,157.679,157.612,92.341,93.596,65.338,64.016,90.5826,79.9665,90.5826,73.5127,2584.72717032535,2824.44837271071,-11.9432783081061,12.3710550742574,1749.03519756522,25.1244884724048,25.037,1538.09247519159,22.0940000226306,22.107,812.241375839104,11.668078033678,11.664,788.963573753991,11.3411867888357,703.999260993796,10.113058489432,701.633558750169,10.0798433909125,688.332372967792,9.8872616990937,163.691,157.679,92.341,65.338,85.27455,82.04765,27.0458777151803,0.213888383075656,12.1571666911818,2.48442760450658,2.48436103663986,1.89363965065512,1.89354236052071,1.94951012487579,1.94812063622654,41.4373505666576,19400.9609543566,4.00332270625765,22071.2465909956,4.55426983985991,19400.9609543566,4.00332270625765,52.562,54.157,11.9432783081061,12.3710550742574,2.48442760450658,2.48436103663986,2.6950180372222,2.69496915457468,1.89363965065512,1.89354236052071,1.94951012487579,1.94812063622654,2.33572579811237,2.33569401024185,2.03560854707455,2.03567064029565,41.4373505666576,40.6161967362891
"19","F20",19,"f",1989.92914185832,28.6454366348289,28.646,1691.90526765094,24.3550973720082,24.313,809.572604043022,11.6540727644888,11.631,751.156877711995,10.8024817683044,1974.90005870171,28.4290291779371,28.387,1761.9764947788,25.3634989699765,25.364,796.551124175342,11.466516559095,11.415,729.186395753341,10.4867970081675,689.236120111279,9.92180983840694,685.617408593288,9.86965641367945,666.956213796618,9.62652346668486,716.994181597703,10.3216963729494,712.502342693107,10.2569485952776,701.597111261426,10.0949049210708,183.507,192.376,172.639,184.089,88.535,89.765,84.104,94.324,103.72,90.5431,96.1684,96.5223,2475.11535447924,2964.25288347744,15.2332275878275,-10.8446539147932,1989.92914185832,28.6454366348289,28.646,1691.90526765094,24.3550973720082,24.313,809.572604043022,11.6540727644888,11.631,751.156877711995,10.8024817683044,689.236120111279,9.92180983840694,685.617408593288,9.86965641367945,666.956213796618,9.62652346668486,183.507,172.639,88.535,84.104,97.13155,96.34535,27.1968411897834,2.19428683651715,13.0389407513104,2.88715156358469,2.88711808645471,2.0898746563329,2.08983570500956,2.25239935604989,2.25458352019334,48.7166862644014,22936.9840512109,4.75304560383227,21186.6555951741,4.39032044282928,22936.9840512109,4.75304560383227,54.163,53.955,15.2332275878275,10.8446539147932,2.88715156358469,2.88711808645471,2.75441573919187,2.75429814545238,2.0898746563329,2.08983570500956,2.25239935604989,2.25458352019334,2.47294133534903,2.47281135655238,2.41635952760537,2.41861256113021,48.7166862644014,51.2382597547925
"20","F21",20,"f",1573.98422713349,22.517644126329,22.446,1433.62920738976,20.5091598072666,20.514,743.978504917985,10.6435597898448,10.658,736.991830575768,10.5497056449564,1703.73597750385,24.3736932162526,24.348,1496.26021428427,21.4049241531009,21.43,743.773027148067,10.6407319767016,10.643,724.070908302057,10.3580262106919,611.498473416809,8.74828453759837,607.673966549772,8.69436619238404,608.752435243312,8.70930317703678,591.20912342,8.45831528826224,587.777819301115,8.40916886229332,587.559464057821,8.6826980914159,135.736,132.695,130.869,126.268,76.996,74.785,53.873,51.483,91.2767,92.819,95.0179,102.181,1771.82577779701,1895.12270088646,-14.8726943883204,-15.5223506195963,1573.98422713349,22.517644126329,22.446,1433.62920738976,20.5091598072666,20.514,743.978504917985,10.6435597898448,10.658,736.991830575768,10.5497056449564,611.498473416809,8.74828453759837,607.673966549772,8.69436619238404,608.752435243312,8.70930317703678,135.736,130.869,76.996,53.873,92.04785,98.59945,18.3347423934174,-15.1975225039584,15.1975225039584,2.57397899677279,2.57394967316766,1.92697665041788,1.92690793420777,1.94524436759327,1.94405043112,41.16559307399,18930.5820879276,3.87444159426602,22988.5345538141,4.70488897424526,18930.5820879276,3.87444159426602,62.935,63.733,14.8726943883204,15.5223506195963,2.57397899677279,2.57394967316766,2.88178228314231,2.88162505009437,1.92697665041788,1.92690793420777,1.94524436759327,1.94405043112,2.54562211289865,2.54542684343996,2.0664553666339,2.06650608114951,41.16559307399,40.7728007096018
"21","F22",21,"f",1928.23049322559,27.5759213807989,27.573,1756.77070863787,25.1241251588986,25.127,826.342751784028,11.8181374590077,11.713,797.430486622,11.4077394141028,1877.54675356647,26.851188148758,26.858,1694.5057459699,24.2333494383257,24.198,826.678610683136,11.8229223544773,11.756,795.467166354823,11.375586765894,797.937930374698,11.4118518767288,793.041653126432,11.3430931798734,802.168654678951,11.4738990994463,769.450822086169,11.002781706759,767.151238305582,10.9713448658853,800.118022212695,11.4436729159618,209.177,202.562,202.495,194.069,104.199,101.11,98.296,92.959,79.2317,83.0927,90.2688,50.173,2786.58659825163,2799.66135504774,12.9444526131778,-12.7136649479015,1928.23049322559,27.5759213807989,27.573,1756.77070863787,25.1241251588986,25.127,826.342751784028,11.8181374590077,11.713,797.430486622,11.4077394141028,797.937930374698,11.4118518767288,793.041653126432,11.3430931798734,802.168654678951,11.4738990994463,209.177,202.495,104.199,98.296,81.1622,70.2209,27.9312397664969,0.115393832638135,12.8290587805397,2.41651689915295,2.41642826060791,2.12595887704599,2.12589549292721,2.20303930951993,2.20237544415143,48.5424331464975,18361.3068717993,3.7553097113509,18164.5796692311,3.71510290154533,18361.3068717993,3.7553097113509,59.348,58.575,12.9444526131778,12.7136649479015,2.41651689915295,2.41642826060791,2.44011273972778,2.44039997015148,2.12595887704599,2.12589549292721,2.20303930951993,2.20237544415143,2.20882879588721,2.20878568074892,2.13020199656368,2.13029445751155,48.5424331464975,47.899973720687
"22","F23",22,"f",1833.96561922245,26.735858916444,26.751,1668.74683731625,24.3283666940467,24.317,812.952510979577,11.8521740199847,11.838,782.54809763808,11.407784746653,1774.39185456032,25.8672667670939,25.862,1644.82364829942,23.9790822384844,23.982,827.989071697205,12.0713479777529,12.056,788.96525320883,11.5017756366133,651.523508354881,9.49866113082017,649.77432379006,9.4731478533112,656.01124180596,9.56400761019354,611.933294952408,8.9217552249631,609.614951506113,8.88756643107087,624.464337451126,9.08219167151048,171.33,154.199,166.58,151.44,92.568,88.864,74.012,62.576,100.884,92.5362,99.5284,94.39,2288.86561847908,2451.56411743545,-13.2569416155271,13.1145408163265,1833.96561922245,26.735858916444,26.751,1668.74683731625,24.3283666940467,24.317,812.952510979577,11.8521740199847,11.838,782.54809763808,11.407784746653,651.523508354881,9.49866113082017,649.77432379006,9.4731478533112,656.01124180596,9.56400761019354,171.33,166.58,92.568,74.012,96.7101,96.9592,23.7021486795727,-0.0712003996003068,13.1857412159268,2.81488786775059,2.81469762403615,2.05269903810922,2.0526501427523,2.13245274297252,2.13261095246249,44.4303037579541,20191.0787158723,4.2910682674991,20790.1905277998,4.41835373745378,20191.0787158723,4.2910682674991,61.257,61.637,13.2569416155271,13.1145408163265,2.81488786775059,2.81469762403615,2.89964914345495,2.89934728255234,2.05269903810922,2.0526501427523,2.13245274297252,2.13261095246249,2.69813534631282,2.69804815800349,2.08478591624877,2.08481568377603,44.4303037579541,41.3206550449023
"23","F24",23,"f",1852.20083033131,26.6660372759059,26.562,1642.94621963989,23.6527969804841,23.669,795.029104771014,11.4460093045568,11.158,744.884362936635,10.7241019477158,1931.47979454355,27.8071537558233,27.685,1689.35160248096,24.3217516638913,24.317,782.35614310236,11.2640201082917,11.23,717.056142796625,10.3235300235526,668.789010498173,9.62911980607374,665.037781279232,9.57477643328424,703.022382542094,10.1036946884978,652.253367461828,9.39108800500148,650.563891616907,9.36660660942963,699.103491518857,10.0723579921414,170.16,167.632,163.456,161.156,89.137,85.682,74.319,75.474,103.329,92.0846,113.275,101.954,1455.61141798697,1428.4889836267,-15.5013651774731,-16.8317095907438,1852.20083033131,26.6660372759059,26.562,1642.94621963989,23.6527969804841,23.669,795.029104771014,11.4460093045568,11.158,744.884362936635,10.7241019477158,668.789010498173,9.62911980607374,665.037781279232,9.57477643328424,703.022382542094,10.1036946884978,170.16,163.456,89.137,74.319,97.7068,107.6145,14.4205020080683,-16.1665373841084,16.1665373841084,2.76948454782717,2.76931202570413,2.06652336345987,2.06646669167635,2.20563929300748,2.20557367841157,45.4672817149569,20988.2042621868,4.35026884299139,23149.086579029,4.79807019285661,20988.2042621868,4.35026884299139,60.787,60.036,15.5013651774731,16.8317095907438,2.76948454782717,2.76931202570413,2.96124158325114,2.96101513914191,2.06652336345987,2.06646669167635,2.20563929300748,2.20557367841157,2.59674971858992,2.59664494069879,2.35595443878668,2.35595301301033,45.4672817149569,46.8328824244831
"24","F25",24,"f",1941.8517677104,27.8665156774219,27.839,1689.31411825776,24.242236736737,24.252,829.855359595273,11.909050172033,11.882,800.51263573909,11.4868854313012,2026.21445359888,29.077298533392,28.916,1704.62077894176,24.461905261038,24.453,835.093448123024,11.9842306803566,11.911,807.489619727344,11.5877957237592,673.167960005471,9.66034357587356,667.468539485543,9.57890121653342,638.600610421506,9.16742781653059,695.236215624764,9.97708745323097,690.777698741868,9.91273863070413,681.862778392297,9.79008322265998,175.728,185.066,164.39,171.479,86.719,92.68,77.671,78.799,82.3298,89.083,104.654,92.438,2222.45734291366,2020.81254556887,-11.249391960211,12.5410724592795,1941.8517677104,27.8665156774219,27.839,1689.31411825776,24.242236736737,24.252,829.855359595273,11.909050172033,11.882,800.51263573909,11.4868854313012,673.167960005471,9.66034357587356,667.468539485543,9.57890121653342,638.600610421506,9.16742781653059,175.728,164.39,86.719,77.671,85.7064,98.546,21.2163494424127,0.645840249534259,11.8952322097452,2.88464674951942,2.88462987455412,2.03567296243246,2.03561462808066,2.1102903849832,2.11042731136485,47.2480077863617,22938.0636763793,4.72378305249711,23941.96964044,4.93057044885963,22938.0636763793,4.72378305249711,56.274,55.142,11.249391960211,12.5410724592795,2.88464674951942,2.88462987455412,2.91442592900321,2.91440750316122,2.03567296243246,2.03561462808066,2.1102903849832,2.11042731136485,2.46768357178645,2.46772422560085,2.11101262145925,2.11100591037191,47.2480077863617,45.95256562028
"25","F26",25,"f",1712.90801464644,24.5564572770585,24.457,1558.29470499806,22.3395737873398,22.35,833.932887276908,11.955926772944,11.956,829.012597944818,11.887530239759,1725.05539016259,24.7304444763939,24.672,1631.12694298451,23.3839315984289,23.396,829.782059489116,11.8958714266757,11.842,814.331662562416,11.674482388752,698.218793574199,10.0093723265016,696.432282850644,9.98449115900537,697.368928432493,9.99586664401906,718.6953896516,10.3034366094912,716.020350555746,10.2623370637397,781.769084985939,11.186524459656,167.182,174.51,161.637,171.555,97.446,99.581,64.191,71.974,88.4819,77.1871,105.91,85.6897,1994.85575579044,2311.39090460846,-14.0912695884826,9.41283139435624,1712.90801464644,24.5564572770585,24.457,1558.29470499806,22.3395737873398,22.35,833.932887276908,11.955926772944,11.956,829.012597944818,11.887530239759,698.218793574199,10.0093723265016,696.432282850644,9.98449115900537,697.368928432493,9.99586664401906,167.182,161.637,97.446,64.191,82.8345,95.79985,21.5312333019945,-2.33921909706319,11.7520504914194,2.45325395192819,2.45334637138444,1.86860924754564,1.8684936945159,1.87969966784725,1.87924432887017,39.7130607472299,18152.1178111447,3.73070271039428,17346.134470747,3.56500763020606,18152.1178111447,3.73070271039428,58.42,58.845,14.0912695884826,9.41283139435624,2.45325395192819,2.45334637138444,2.40025943536223,2.40021319232584,1.86860924754564,1.8684936945159,1.87969966784725,1.87924432887017,2.27804550767097,2.27861660099357,2.003025324905,2.00299514957156,39.7130607472299,41.9538923377343
"26","F28",26,"f",1920.53931732339,27.7041672136161,27.523,1647.5273780669,23.7655118185997,23.758,789.356272012201,11.3865121964542,11.396,743.738596224461,10.7328113455431,1914.70937132349,27.6200511404306,27.105,1667.14946321708,24.0490557402988,23.83,798.913582493125,11.5252183059584,11.396,754.675955082305,10.8786854309461,607.241607376009,8.75919383056338,604.665725820716,8.72225404865703,640.153386412579,9.24983770624558,634.732027616194,9.15622257759429,633.936857838023,9.14503910242999,632.841967153168,9.13032011859462,152.139,155.241,144.867,148.363,82.796,87.191,62.071,61.172,77.1436,79.258,91.0041,102.074,1918.64972113624,1979.51821249854,-10.4451364818024,-12.4874743973531,1920.53931732339,27.7041672136161,27.523,1647.5273780669,23.7655118185997,23.758,789.356272012201,11.3865121964542,11.396,743.738596224461,10.7328113455431,607.241607376009,8.75919383056338,604.665725820716,8.72225404865703,640.153386412579,9.24983770624558,152.139,144.867,82.796,62.071,78.2008,96.53905,19.4908396681739,-11.4663054395778,11.4663054395778,3.16272681910312,3.16286723978503,2.08717842181336,2.08716342709406,2.21519682645282,2.21428580578458,42.8468871447604,25461.0868547357,5.29810709823493,24710.4195563179,5.14189673301295,25461.0868547357,5.29810709823493,62.995,61.043,10.4451364818024,12.4874743973531,3.16272681910312,3.16286723978503,3.01656334959872,3.01653339096607,2.08717842181336,2.08716342709406,2.21519682645282,2.21428580578458,2.62983519983792,2.62973787984226,2.20909312399553,2.21065825397318,42.8468871447604,41.2313043009376
"27","M01",27,"m",2020.45765227015,29.1677932830031,29.06,1745.0506655639,25.1913592328798,25.176,802.130940261626,11.5800655006783,11.491,753.632965941095,10.8796954304291,1732.41751782993,25.0087213987441,24.989,1614.5258349946,23.3071093874809,23.329,813.417481985727,11.7424081005559,11.722,770.252652280737,11.1236827237946,611.64635558111,8.82998969492339,610.27887864961,8.81042782714113,619.607227217147,8.95555606917793,497.415356505542,7.1811465802876,496.297009160961,7.16548169946057,494.47803877661,7.1379726545415,156.504,112.471,151.193,111.385,85.52,72.248,65.673,39.137,99.0367,87.1212,99.0367,87.1212,1869.50882118727,1435.14413179787,11.8487629211332,18.6267852561361,2020.45765227015,29.1677932830031,29.06,1745.0506655639,25.1913592328798,25.176,802.130940261626,11.5800655006783,11.491,753.632965941095,10.8796954304291,611.64635558111,8.82998969492339,610.27887864961,8.81042782714113,619.607227217147,8.95555606917793,156.504,151.193,85.52,65.673,93.07895,93.07895,16.5232647649257,15.2377740886347,15.2377740886347,3.30331021158552,3.30326470253668,2.17551845711715,2.17540731798143,2.31551795692055,2.3154470999641,43.4365347602072,27000.2521586118,5.62698117637721,26945.0146436594,5.61508413161557,27000.2521586118,5.62698117637721,55.531,55.592,11.8487629211332,18.6267852561361,3.30331021158552,3.30326470253668,3.48283882910363,3.48255269811558,2.17551845711715,2.17540731798143,2.31551795692055,2.3154470999641,3.25314439779541,3.25269261231042,2.0960990270062,2.09526916275891,43.4365347602072,35.1366880639224
"28","M02",28,"m",1989.4911491022,28.5577357996043,28.564,1734.59664611978,24.8980516506814,24.89,850.42139369609,12.2075187077473,12.115,824.79771345498,11.8389968004416,1983.34722551751,28.4678996766534,28.406,1728.78093058461,24.8142150591148,24.631,860.23832404747,12.3477738884384,12.287,835.488533407312,11.9926598900822,666.70084421761,9.57008725425498,665.146037436562,9.54786187607418,669.934695561289,9.61441181191082,676.071953179498,9.70463524825287,674.271517342999,9.67894377258358,674.861982956469,9.68197714052532,176.342,180.53,169.103,172.887,97.434,98.502,71.669,74.385,95.3495,72.7127,82.0602,81.5661,2406.57489736678,3528.76260758667,10.2669861096156,14.683205104905,1989.4911491022,28.5577357996043,28.564,1734.59664611978,24.8980516506814,24.89,850.42139369609,12.2075187077473,12.115,824.79771345498,11.8389968004416,666.70084421761,9.57008725425498,665.146037436562,9.54786187607418,669.934695561289,9.61441181191082,176.342,169.103,97.434,71.669,84.0311,81.81315,29.6766875247672,12.4750956072603,12.4750956072603,2.98408374064221,2.98406221812734,2.03969074505629,2.0395669461379,2.10305705001747,2.10305417514369,42.38186194213,23406.2969453883,4.82276644411986,22752.8166777606,4.68757808279396,23406.2969453883,4.82276644411986,49.652,52.369,10.2669861096156,14.683205104905,2.98408374064221,2.98406221812734,2.93363334507522,2.93343324590983,2.03969074505629,2.0395669461379,2.10305705001747,2.10305417514369,2.56392400704832,2.56373170897047,2.06918570567839,2.06911688370617,42.38186194213,43.0252130003991
"29","M03",29,"m",1901.46556258718,27.4394265610635,27.461,1729.53212670364,24.9583064529627,24.922,844.869971925266,12.1922977735946,11.775,774.892435039725,11.1823248139031,1840.72237903493,26.5621954100183,26.552,1673.6271042096,24.1507382288824,24.157,830.414728501368,11.9832823967392,11.862,780.378970161785,11.2533290264957,626.9744573005,9.04766022602978,623.53949101638,8.99868521768815,641.331179032859,9.24206954180564,636.557053820835,9.1860314969434,633.830343816064,9.14724428918684,664.058596162581,9.56048670634654,162.861,164.269,157.022,157.752,86.201,89.17,70.821,68.582,88.6064,93.2339,111.348,114.022,1587.52613280115,1472.34275302933,-12.5822044247536,12.3299169487939,1901.46556258718,27.4394265610635,27.461,1729.53212670364,24.9583064529627,24.922,844.869971925266,12.1922977735946,11.775,774.892435039725,11.1823248139031,626.9744573005,9.04766022602978,623.53949101638,8.99868521768815,641.331179032859,9.24206954180564,162.861,157.022,86.201,70.821,90.92015,112.685,15.2993444291524,-0.12614373797986,12.4560606867738,3.03276399930889,3.03276492215317,2.04709858815603,2.04705519143537,2.23196413914529,2.23194254042163,45.1025970883061,23025.8899116366,4.79501044439632,21478.389349612,4.47252792357624,23025.8899116366,4.79501044439632,55.99,56.416,12.5822044247536,12.3299169487939,3.03276399930889,3.03276492215317,2.89168483482553,2.89158549247918,2.04709858815603,2.04705519143537,2.23196413914529,2.23194254042163,2.64049697294909,2.64022009966777,2.14463378461189,2.14609722794206,45.1025970883061,43.4745676758456
"30","M04",30,"m",1950.12892272716,27.9319997493914,27.945,1813.72496495279,25.9779275924774,25.982,871.92574095963,12.4894374973415,12.504,841.722185661431,12.0562112719246,1928.90554964311,27.6275410596021,27.615,1744.96061155345,24.9938717488908,24.865,864.365429920703,12.3806371806947,12.347,840.364631383882,12.036653087667,785.399724203905,11.2498869636898,781.451803956825,11.1932754449614,714.728179244761,10.2367253628079,718.608687865361,10.2931768998572,717.412778722023,10.2757176226359,704.97990517424,10.1009544926599,211.34,189.098,206.894,182.449,102.998,99.478,103.896,82.971,84.65,74.2108,93.8584,79.9839,2392.19429248306,2327.53950431952,-12.2107783740119,10.1791098004252,1950.12892272716,27.9319997493914,27.945,1813.72496495279,25.9779275924774,25.982,871.92574095963,12.4894374973415,12.504,841.722185661431,12.0562112719246,785.399724203905,11.2498869636898,781.451803956825,11.1932754449614,714.728179244761,10.2367253628079,211.34,206.894,102.998,103.896,79.4304,86.92115,23.5986689840129,-1.01583428679334,11.1949440872186,2.48297632737756,2.48286936922521,2.0801369655134,2.07999180091234,2.15477861442793,2.15473393809649,50.2170193432386,18381.4069777616,3.77099679062708,20392.9680044505,4.18353087712183,18381.4069777616,3.77099679062708,56.455,58.036,12.2107783740119,10.1791098004252,2.48297632737756,2.48286936922521,2.68422241786828,2.68406356253193,2.0801369655134,2.07999180091234,2.15477861442793,2.15473393809649,2.43229652901064,2.43232372343835,2.07643271311873,2.07648019485583,50.2170193432386,45.4762700809541
"31","M05",31,"m",1853.51542727785,26.8596393497753,26.808,1703.15825049465,24.6806221355946,24.693,819.32828196029,11.8734006080819,11.883,759.445314140977,10.9950082320133,1890.59366338222,27.3971686493331,27.402,1656.31087625633,24.0020766184928,23.983,814.245644513988,11.7999713982704,11.825,766.229968960357,11.1125558379372,624.827166438364,9.05616587522199,621.922513789441,9.01306870779589,619.2310258134,8.96892095549315,596.703786623217,8.6470002665995,593.405991083159,8.59965033535384,593.508911458481,8.60041007084443,177.533,162.759,169.172,154.137,86.206,83.184,82.966,70.953,81.826,74.0825,114.641,95.6333,1815.63217655014,1812.98473385362,-11.8877847512785,11.1136530701031,1853.51542727785,26.8596393497753,26.808,1703.15825049465,24.6806221355946,24.693,819.32828196029,11.8734006080819,11.883,759.445314140977,10.9950082320133,624.827166438364,9.05616587522199,621.922513789441,9.01306870779589,619.2310258134,8.96892095549315,177.533,169.172,86.206,82.966,77.95425,105.13715,18.1430845520188,-0.387065840587705,11.5007189106908,2.96644500565372,2.96589524969549,2.07872508247823,2.07864814388517,2.2426344843817,2.2447115649931,49.0423947225309,20307.8490480517,4.26453683824746,23189.399041249,4.86972530930276,20307.8490480517,4.26453683824746,51.432,53.321,11.8877847512785,11.1136530701031,2.96644500565372,2.96589524969549,3.16839561900756,3.16840150394805,2.07872508247823,2.07864814388517,2.2426344843817,2.2447115649931,2.79119338386359,2.79105262220005,2.16163677140383,2.15990605298486,49.0423947225309,46.0324256992156
"32","M06",32,"m",1921.52459688134,27.6654877058041,27.687,1683.27635841682,24.2355251851492,24.217,825.526749294655,11.8862362419733,11.835,806.78195547387,11.620900396147,1892.88342993038,27.2534420761855,27.197,1707.92381962575,24.5900494102798,24.591,823.852895995397,11.8619292275751,11.763,801.390835884486,11.5422279703194,573.065571448718,8.25107398942796,571.276998666588,8.22564070474771,576.449292112608,8.3003282456493,558.658750708587,8.04363833190038,554.420620933688,7.98250515275825,561.674881936539,8.08242215314663,149.921,147.149,142.816,138.098,80.756,81.838,62.06,56.26,111.002,89.0114,102.706,89.4678,1329.86534195645,1543.96858179165,17.2090787882546,11.753472772408,1921.52459688134,27.6654877058041,27.687,1683.27635841682,24.2355251851492,24.217,825.526749294655,11.8862362419733,11.835,806.78195547387,11.620900396147,573.065571448718,8.25107398942796,571.276998666588,8.22564070474771,576.449292112608,8.3003282456493,149.921,142.816,80.756,62.06,100.0067,96.0869,14.3691696187405,14.4812757803313,14.4812757803313,3.35306235903109,3.35295595958195,2.03903308990901,2.03895705013563,2.08640803998664,2.0855118242976,43.4545149002913,25853.2431689726,5.35919791900067,25945.3987697505,5.37842767454995,25853.2431689726,5.35919791900067,54.812,52.828,17.2090787882546,11.753472772408,3.35306235903109,3.35295595958195,3.38826417294905,3.38819834403801,2.03903308990901,2.03895705013563,2.08640803998664,2.0855118242976,3.08055608889415,3.08049277009022,2.13119958845141,2.13044218789583,43.4545149002913,40.7391852162957
"33","M07",33,"m",1743.84863705569,25.1363814818283,25.124,1488.53298267825,21.4559771858566,21.42,846.194668256069,12.1972620698253,12.094,791.495228875216,11.4155950872937,1789.66729990186,25.7966640091311,25.787,1569.02495276844,22.6167023458328,22.544,851.17145073481,12.2692716165223,12.281,787.594281970675,11.3552828031718,429.195192232747,6.18734808510938,428.493887007569,6.17655683147612,426.717695352231,6.1520951604798,470.071691643959,6.77619191417328,469.954784745644,6.77474047175564,473.122844743838,6.82067305121658,92.257,108.411,89.984,104.99,60.856,67.396,29.128,37.594,67.2002,69.2026,71.5783,81.0929,2024.47245365425,2649.5161821407,-10.0258403330001,9.69889700214433,1743.84863705569,25.1363814818283,25.124,1488.53298267825,21.4559771858566,21.42,846.194668256069,12.1972620698253,12.094,791.495228875216,11.4155950872937,429.195192232747,6.18734808510938,428.493887007569,6.17655683147612,426.717695352231,6.1520951604798,92.257,89.984,60.856,29.128,68.2014,76.3356,23.3699431789747,-0.163471665427903,9.86236866757223,4.06306656881196,4.06254523522316,1.75909047707188,1.75908142852291,1.88065945109181,1.879532080613,32.3701991465149,33794.9865416185,7.02166689633713,30506.8010699876,6.33839293266025,33794.9865416185,7.02166689633713,57.646,57.881,10.0258403330001,9.69889700214433,4.06306656881196,4.06254523522316,3.80722202956519,3.80695593275244,1.75909047707188,1.75908142852291,1.88065945109181,1.879532080613,3.33867215250856,3.33838653157614,1.9921741290992,1.99173395659643,32.3701991465149,35.8072197352129
"34","M08",34,"m",1767.68606784038,25.468670204783,25.387,1508.11744842966,21.7290368171256,21.742,830.452252751475,11.9657165268111,11.829,794.853926869476,11.4596275187333,1805.67968785164,26.0167060366988,26.021,1591.59697158075,22.9318034615684,22.865,823.585531287431,11.8666652855804,11.699,779.448275788882,11.2236613314324,630.493111061098,9.08490244052389,627.965681363315,9.04754406207808,667.570081728265,9.61996444286451,650.845938349707,9.37775730287144,647.044441414193,9.32407071657879,692.256169060981,9.97342613798481,154.853,159.517,146.995,153.135,91.349,91.114,55.646,62.021,74.7681,67.078,76.4045,78.7233,2286.63657033916,2993.074343734,-10.8337583678674,9.32986536107711,1767.68606784038,25.468670204783,25.387,1508.11744842966,21.7290368171256,21.742,830.452252751475,11.9657165268111,11.829,794.853926869476,11.4596275187333,630.493111061098,9.08490244052389,627.965681363315,9.04754406207808,667.570081728265,9.61996444286451,154.853,146.995,91.349,55.646,70.92305,77.5639,26.3985545703658,-0.751946503395138,10.0818118644723,2.80365643466814,2.80340602131048,1.81601945618539,1.81594113218696,1.8973516987824,1.89613814075586,37.85570937787,21257.2810941665,4.41275663798089,21291.53449649,4.42008027557384,21257.2810941665,4.41275663798089,56.228,59.506,10.8337583678674,9.32986536107711,2.80365643466814,2.80340602131048,2.77435807993232,2.77429935499958,1.81601945618539,1.81594113218696,1.8973516987824,1.89613814075586,2.45979544790172,2.45941972756536,2.04195329057581,2.04316602081949,37.85570937787,40.5008652496163
"35","M09",35,"m",1889.93217576848,27.0686456439919,26.926,1616.79482188588,23.1562806167139,23.174,835.388834869727,11.9655068425871,11.859,798.425761860474,11.4420148705284,1844.97726639707,26.4247030825325,26.439,1591.31887930515,22.7919347138412,22.715,829.327364946436,11.8785063034036,11.888,806.714483055468,11.5537212363265,641.609194313608,9.18990099581236,634.100530592899,9.08264254371837,656.501848482011,9.39769880583646,712.731000596281,10.210028213145,708.215359863992,10.1438678008594,696.641916953657,9.97810044024521,163.108,178.731,150.719,168.149,88.026,94.78,62.693,73.369,81.1067,81.97,81.1067,90.7777,2185.77060628016,2394.43179994117,-11.7001630097662,12.6900331300121,1889.93217576848,27.0686456439919,26.926,1616.79482188588,23.1562806167139,23.174,835.388834869727,11.9655068425871,11.859,798.425761860474,11.4420148705284,641.609194313608,9.18990099581236,634.100530592899,9.08264254371837,656.501848482011,9.39769880583646,163.108,150.719,88.026,62.693,81.53835,85.9422,22.9010120311067,0.494935060122957,12.1950980698891,2.94561267593793,2.94547739484097,1.93537997444987,1.93525279968058,2.02497827489742,2.02379396275374,41.5959500792866,23698.6951147831,4.86144133785389,20243.6001018264,4.15265587663322,23698.6951147831,4.86144133785389,61.214,65.477,11.7001630097662,12.6900331300121,2.94561267593793,2.94547739484097,2.58860252304661,2.58811264091433,1.93537997444987,1.93525279968058,2.02497827489742,2.02379396275374,2.24694205956046,2.24686827167743,1.9725924261059,1.97269210911721,41.5959500792866,43.6333252056212
"36","M10",36,"m",2115.33145777252,30.246541124565,30.213,1885.11626977144,26.9541382351579,26.81,846.748904013462,12.1076721544647,12.096,811.163688428643,11.5966435658733,2081.31651719891,29.760035551054,29.784,1824.00630403297,26.0807750076565,26.037,842.733170907612,12.0505835543346,12.068,818.248015877331,11.6997282143024,754.59462791002,10.790067324139,755.364703718422,10.8016820372023,690.202686314021,9.87906994228494,751.040591811048,10.7391532255772,747.705936072645,10.6914667648456,708.761726163751,10.143960145907,223.442,218.736,215.297,208.753,95.576,97.513,119.721,111.24,82.1326,89.5268,122.758,129.493,2616.11959835408,2157.55185635184,-11.6751862170922,11.3428441110886,2115.33145777252,30.246541124565,30.213,1885.11626977144,26.9541382351579,26.81,846.748904013462,12.1076721544647,12.096,811.163688428643,11.5966435658733,754.59462791002,10.790067324139,755.364703718422,10.8016820372023,690.202686314021,9.87906994228494,223.442,215.297,95.576,119.721,85.8297,126.1255,23.8683572735296,-0.166171053001791,11.5090151640904,2.80326864190816,2.80318372591605,2.22629903721903,2.2262031785539,2.32396530646388,2.32430513898684,55.6073702838405,20783.5091814656,4.24926148529705,20751.2152867983,4.24262030246272,20783.5091814656,4.24926148529705,55.008,53.412,11.6751862170922,11.3428441110886,2.80326864190816,2.80318372591605,2.77124371158163,2.77117151845596,2.22629903721903,2.2262031785539,2.32396530646388,2.32430513898684,2.43947013930855,2.43940102712681,2.22916068067364,2.22917785182172,55.6073702838405,53.2878569409781
"37","M11",37,"m",1769.14140067915,25.2567222140958,25.269,1536.87948640647,21.9409938015578,21.942,867.028080615616,12.3781406115781,12.22,826.472286088843,11.7988032340944,1825.87722444254,26.066093397362,25.982,1592.48511323058,22.7346986124734,22.742,839.051961964812,11.9788029452028,11.806,815.142956173223,11.6333656983882,510.012234922936,7.28135716194309,508.863231030889,7.26484184185806,512.308441512273,7.31578536942286,543.684633176137,7.76244174989793,541.270447524177,7.72729646128689,559.798034766738,7.99632435416279,124.598,137.687,116.444,129.292,74.949,78.07,41.495,51.222,76.4543,74.674,92.7047,91.4667,1482.86698757761,1836.25723322215,-10.5839609059195,10.6315669580569,1769.14140067915,25.2567222140958,25.269,1536.87948640647,21.9409938015578,21.942,867.028080615616,12.3781406115781,12.22,826.472286088843,11.7988032340944,510.012234922936,7.28135716194309,508.863231030889,7.26484184185806,512.308441512273,7.31578536942286,124.598,116.444,74.949,41.495,75.56415,92.0857,16.5956211039988,0.0238030260687045,10.6077639319882,3.46882149003048,3.46868333091847,1.7725832885542,1.77255974786996,1.85956566514713,1.85959485604066,35.6351550960118,26878.6824189911,5.47818708563773,25785.2584749095,5.25509099557591,26878.6824189911,5.47818708563773,55.583,54.039,10.5839609059195,10.6315669580569,3.46882149003048,3.46868333091847,3.35833884760729,3.35797603862274,1.7725832885542,1.77255974786996,1.85956566514713,1.85959485604066,2.94212462645015,2.94212843086484,1.95362678554774,1.95426665007388,35.6351550960118,39.6173003743464
"38","M12",38,"m",2166.05563147764,31.0615075616107,31.032,1868.98680349033,26.8018820980915,26.644,828.252455089026,11.8778447960899,11.702,736.682162822883,10.5423804117686,2133.27041785189,30.5910347160733,30.602,1869.36505057439,26.8075018231837,26.615,833.692823922576,11.9560478838118,11.831,771.112626819848,11.0720250186277,736.942114406567,10.5685236932953,736.857369347606,10.5672889491128,701.998864674759,10.067295890115,713.159681493622,10.2271570803006,712.545867144691,10.2184355454628,667.535788085025,9.56403458889028,214.442,210.942,202.697,198.855,92.126,90.253,110.571,108.602,81.1401,73.0784,122.47,112.777,2137.26721436338,2339.86262184109,-11.5947556444698,10.295052406176,2166.05563147764,31.0615075616107,31.032,1868.98680349033,26.8018820980915,26.644,828.252455089026,11.8778447960899,11.702,736.682162822883,10.5423804117686,736.942114406567,10.5685236932953,736.857369347606,10.5672889491128,701.998864674759,10.067295890115,214.442,202.697,92.126,110.571,77.10925,117.6235,22.3856491810223,-0.649851619146905,10.9449040253229,2.93924799401902,2.939058326691,2.25654242496563,2.25646003616031,2.53703279081522,2.5422988975215,54.5498946703701,23146.8497247418,4.75989902169248,22885.2313277614,4.70599886852229,23146.8497247418,4.75989902169248,54.041,53.532,11.5947556444698,10.295052406176,2.93924799401902,2.939058326691,2.99129419849427,2.99115721758075,2.25654242496563,2.25646003616031,2.53703279081522,2.5422988975215,2.62350135867786,2.62344482224452,2.42424385953043,2.42119230927337,54.5498946703701,54.6136632219456
"39","M13",39,"m",2018.41850300501,28.9366531755143,28.916,1748.08196263276,25.0607454996854,24.931,825.280201490984,11.8318357409153,11.655,778.817511187187,11.1512493861154,1865.20834538182,26.7407150988899,26.637,1686.92407641038,24.1848708286813,23.927,819.166951849256,11.744641714416,11.756,783.797164002573,11.2339658649282,571.626187268167,8.19530323254364,568.848611612473,8.1554748780415,574.794561367401,8.23753522400933,619.931025780692,8.88788000819841,616.451237814351,8.83667716937705,624.668627727275,8.94797516944636,147.099,155.969,140.891,151.047,79.818,86.113,61.073,64.934,87.12,84.2677,90.4871,101.939,1874.3167971825,2054.38468124267,11.5749475194643,9.14134927264246,2018.41850300501,28.9366531755143,28.916,1748.08196263276,25.0607454996854,24.931,825.280201490984,11.8318357409153,11.655,778.817511187187,11.1512493861154,571.626187268167,8.19530323254364,568.848611612473,8.1554748780415,574.794561367401,8.23753522400933,147.099,140.891,79.818,61.073,85.69385,96.21305,19.6435073921258,10.3581483960534,10.3581483960534,3.53101125868839,3.53088254997161,2.11816781679071,2.11807753660944,2.24453345940832,2.24734867205902,43.3476943168833,28916.0645695822,5.94310422241307,23032.5804000212,4.7340618747807,28916.0645695822,5.94310422241307,55.317,55.997,11.5749475194643,9.14134927264246,3.53101125868839,3.53088254997161,3.00873527507827,3.00867193011422,2.11816781679071,2.11807753660944,2.24453345940832,2.24734867205902,2.7365085394125,2.73687386843693,2.15224570065533,2.15283463733722,43.3476943168833,42.9892682410111
"40","M14",40,"m",1983.38005856291,28.4759273949067,28.355,1829.80421981615,26.2703741884275,26.259,848.308292241093,12.1797195780527,11.959,815.421157923537,11.7025191107511,1975.13956543152,28.357254468654,28.355,1749.6692291036,25.1195863819451,24.981,868.136772000818,12.4643599514777,12.318,852.30673515754,12.2308249903025,681.266852525037,9.78126935122279,678.839216882223,9.7463008170873,716.832078498329,10.2910401996687,701.680395830446,10.0741435625087,698.448027325341,10.0280507075501,708.47898339052,10.1617545872767,186.157,195.01,179.313,185.371,97.835,103.703,81.478,81.668,88.2687,73.3347,88.2687,79.4913,2405.11197612828,2872.53511749893,-12.2962596642753,11.1771958970295,1983.38005856291,28.4759273949067,28.355,1829.80421981615,26.2703741884275,26.259,848.308292241093,12.1797195780527,11.959,815.421157923537,11.7025191107511,681.266852525037,9.78126935122279,678.839216882223,9.7463008170873,716.832078498329,10.2910401996687,186.157,179.313,97.835,81.478,80.8017,83.88,26.388235468136,-0.559531883622904,11.7367277806524,2.91131155319202,2.91127116250478,2.15700381164742,2.15689482997339,2.24399894709101,2.24484779215554,45.4389809997044,21938.1553858616,4.52213972773865,21045.2352467916,4.33797023806313,21938.1553858616,4.52213972773865,59.441,64.566,12.2962596642753,11.1771958970295,2.91131155319202,2.91127116250478,2.81487066927945,2.81485510829789,2.15700381164742,2.15689482997339,2.24399894709101,2.24484779215554,2.50508149590435,2.50493212634362,2.05286331426232,2.05379329700668,45.4389809997044,44.0565136941593
